Unnamed: 0,bmi,gender,is_training,name,split
0,34.2073961938,Male,1,img_0.bmp,train
1,26.4537197232,Male,1,img_1.bmp,train
2,34.9675605536,Female,1,img_2.bmp,train
3,22.044766436,Female,1,img_3.bmp,train
6,25.8455882353,Female,1,img_6.bmp,train
7,21.740700692,Female,1,img_7.bmp,test
8,30.6158579882,Female,1,img_8.bmp,train
9,26.7888757396,Female,1,img_9.bmp,val
10,38.7327823691,Male,1,img_10.bmp,train
11,30.8248393021,Male,1,img_11.bmp,val
12,41.3988888889,Male,1,img_12.bmp,train
13,31.0491666667,Male,1,img_13.bmp,train
14,35.5613965483,Male,1,img_14.bmp,train
15,25.7994445547,Male,1,img_15.bmp,test
16,33.199527745,Male,1,img_16.bmp,train
17,23.5953786473,Male,1,img_17.bmp,train
18,41.2094594595,Male,1,img_18.bmp,train
19,21.3108108108,Male,1,img_19.bmp,train
20,26.6224852071,Male,1,img_20.bmp,train
21,21.6307692308,Male,1,img_21.bmp,train
22,41.8090397924,Male,1,img_22.bmp,train
23,22.3488321799,Male,1,img_23.bmp,train
24,33.8112792969,Female,1,img_24.bmp,val
25,24.8864746094,Female,1,img_25.bmp,train
26,35.549342838,Male,1,img_26.bmp,val
27,30.8511918022,Male,1,img_27.bmp,train
28,31.4511657215,Male,1,img_28.bmp,train
29,20.3768115942,Male,1,img_29.bmp,val
30,33.9023919753,Male,1,img_30.bmp,train
31,27.7999614198,Male,1,img_31.bmp,train
32,31.4703856749,Female,1,img_32.bmp,train
33,23.4010560147,Female,1,img_33.bmp,train
34,29.2252456538,Female,1,img_34.bmp,train
35,22.1403376165,Female,1,img_35.bmp,train
36,31.1667387543,Female,1,img_36.bmp,train
37,22.044766436,Female,1,img_37.bmp,val
38,41.6866203791,Male,1,img_38.bmp,train
39,36.2779133046,Male,1,img_39.bmp,test
41,28.8904109589,Male,1,img_41.bmp,train
42,43.5334959655,Male,1,img_42.bmp,train
43,35.6183148808,Male,1,img_43.bmp,train
44,36.4878892734,Male,1,img_44.bmp,test
45,25.8455882353,Male,1,img_45.bmp,test
46,37.9321563182,Male,1,img_46.bmp,train
47,30.4015076374,Male,1,img_47.bmp,train
48,44.0731095679,Male,1,img_48.bmp,train
49,40.6828703704,Male,1,img_49.bmp,val
50,27.8220155709,Male,1,img_50.bmp,train
51,21.2846020761,Male,1,img_51.bmp,train
52,36.4878892734,Male,1,img_52.bmp,test
53,27.365916955,Male,1,img_53.bmp,train
54,35.7277249135,Female,1,img_54.bmp,train
55,21.2846020761,Female,1,img_55.bmp,test
56,37.9258494031,Female,1,img_56.bmp,train
57,23.4010560147,Female,1,img_57.bmp,test
58,38.2736816406,Female,1,img_58.bmp,train
59,29.1772460938,Female,1,img_59.bmp,train
60,30.2446222222,Male,1,img_60.bmp,train
61,21.9960888889,Male,1,img_61.bmp,test
62,33.2990677753,Female,1,img_62.bmp,test
63,23.9115646259,Female,1,img_63.bmp,train
64,37.5852082869,Male,1,img_64.bmp,train
65,26.6228558699,Male,1,img_65.bmp,train
66,51.4892578125,Female,1,img_66.bmp,test
67,25.7446289062,Female,1,img_67.bmp,val
68,41.6866203791,Male,1,img_68.bmp,test
69,29.5500093826,Male,1,img_69.bmp,train
70,37.9736842105,Male,1,img_70.bmp,train
71,31.8881578947,Male,1,img_71.bmp,train
72,41.9701492537,Male,1,img_72.bmp,train
73,26.3096458008,Male,1,img_73.bmp,train
74,51.4892578125,Female,1,img_74.bmp,train
75,24.0283203125,Female,1,img_75.bmp,val
76,31.9469822485,Female,1,img_76.bmp,train
77,25.1249704142,Female,1,img_77.bmp,val
78,39.9342838049,Male,1,img_78.bmp,train
79,32.8870572511,Male,1,img_79.bmp,test
80,39.4644687013,Female,1,img_80.bmp,train
81,26.936065939,Female,1,img_81.bmp,train
82,46.25,Male,1,img_82.bmp,val
83,29.2105263158,Male,1,img_83.bmp,train
84,41.5003341501,Female,1,img_84.bmp,test
85,30.8511918022,Female,1,img_85.bmp,train
87,38.0082179931,Female,1,img_87.bmp,train
88,53.6907359651,Male,1,img_88.bmp,train
89,34.1668319778,Male,1,img_89.bmp,test
90,49.7411555556,Male,1,img_90.bmp,train
91,40.3678222222,Male,1,img_91.bmp,train
92,35.1426170972,Female,1,img_92.bmp,train
94,37.2438964844,Female,1,img_94.bmp,test
95,32.6098632812,Female,1,img_95.bmp,train
96,42.2631952663,Male,1,img_96.bmp,train
97,29.950295858,Male,1,img_97.bmp,val
98,29.285855981,Male,1,img_98.bmp,test
99,25.1021622694,Male,1,img_99.bmp,train
100,29.8341049383,Male,1,img_100.bmp,test
101,24.4097222222,Male,1,img_101.bmp,train
102,37.2438964844,Female,1,img_102.bmp,train
103,32.0949707031,Female,1,img_103.bmp,train
104,42.2408267906,Male,1,img_104.bmp,train
105,30.7513219035,Male,1,img_105.bmp,train
106,29.8341049383,Male,1,img_106.bmp,train
107,24.4097222222,Male,1,img_107.bmp,train
108,35.15,Female,1,img_108.bmp,train
109,25.6810204082,Female,1,img_109.bmp,val
110,37.5521193772,Male,1,img_110.bmp,test
111,28.4301470588,Male,1,img_111.bmp,train
114,34.0789473684,Male,1,img_114.bmp,train
115,25.5592105263,Male,1,img_115.bmp,train
116,39.1554054054,Male,1,img_116.bmp,train
117,28.2432432432,Male,1,img_117.bmp,train
118,33.8112792969,Female,1,img_118.bmp,train
119,27.4609375,Female,1,img_119.bmp,train
120,35.8009259259,Male,1,img_120.bmp,train
121,23.8672839506,Male,1,img_121.bmp,test
122,38.0082179931,Female,1,img_122.bmp,train
123,32.5350346021,Female,1,img_123.bmp,train
124,38.0082179931,Female,1,img_124.bmp,train
125,29.7984429066,Female,1,img_125.bmp,test
126,36.6059171598,Female,1,img_126.bmp,train
127,29.6175147929,Female,1,img_127.bmp,train
128,43.2315016862,Male,1,img_128.bmp,val
129,32.074985122,Male,1,img_129.bmp,train
130,38.312283737,Female,1,img_130.bmp,train
131,26.9098183391,Female,1,img_131.bmp,test
132,36.9587881488,Female,1,img_132.bmp,train
133,30.6945867677,Female,1,img_133.bmp,train
134,47.0565200617,Male,1,img_134.bmp,train
135,37.2926311728,Male,1,img_135.bmp,train
136,42.0825456837,Male,1,img_136.bmp,train
137,37.8004620878,Male,1,img_137.bmp,train
138,54.0287369125,Female,1,img_138.bmp,train
139,46.5116952551,Female,1,img_139.bmp,train
140,34.9675605536,Male,1,img_140.bmp,train
141,32.5350346021,Male,1,img_141.bmp,train
142,43.3293685121,Female,1,img_142.bmp,train
143,24.3252595156,Female,1,img_143.bmp,train
144,31.6342169748,Female,1,img_144.bmp,test
145,26.936065939,Female,1,img_145.bmp,train
146,37.597110152,Male,1,img_146.bmp,val
147,23.7455432539,Male,1,img_147.bmp,train
148,47.4633487654,Male,1,img_148.bmp,train
149,31.8682484568,Male,1,img_149.bmp,train
150,29.5628858025,Male,1,img_150.bmp,train
151,27.1219135802,Male,1,img_151.bmp,train
152,38.2434362529,Male,1,img_152.bmp,test
153,27.0214240706,Male,1,img_153.bmp,train
154,59.4894222222,Male,1,img_154.bmp,train
155,34.4938666667,Male,1,img_155.bmp,train
156,37.7587890625,Female,1,img_156.bmp,test
157,25.7446289062,Female,1,img_157.bmp,train
158,28.6456626759,Male,1,img_158.bmp,train
159,25.2495274102,Male,1,img_159.bmp,train
160,25.8218549128,Male,1,img_160.bmp,train
161,19.3663911846,Male,1,img_161.bmp,train
162,34.4043268221,Male,1,img_162.bmp,test
163,28.0550304558,Male,1,img_163.bmp,train
164,29.527027027,Male,1,img_164.bmp,train
165,25.6756756757,Male,1,img_165.bmp,train
166,36.4878892734,Male,1,img_166.bmp,test
167,25.8455882353,Male,1,img_167.bmp,test
168,36.1263888889,Male,1,img_168.bmp,test
169,30.2680555556,Male,1,img_169.bmp,test
170,26.5784499055,Male,1,img_170.bmp,val
171,25.1018693552,Male,1,img_171.bmp,val
172,25.4990817264,Male,1,img_172.bmp,train
173,22.9168962351,Male,1,img_173.bmp,train
174,33.1191111111,Male,1,img_174.bmp,test
175,28.7448888889,Male,1,img_175.bmp,train
176,28.12,Male,1,img_176.bmp,train
177,21.6211555556,Male,1,img_177.bmp,train
178,38.2434362529,Male,1,img_178.bmp,train
179,27.9073724008,Male,1,img_179.bmp,train
180,34.4043268221,Male,1,img_180.bmp,train
181,25.9878176854,Male,1,img_181.bmp,train
182,31.4209816158,Male,1,img_182.bmp,train
183,24.306797099,Male,1,img_183.bmp,train
184,29.5316110061,Male,1,img_184.bmp,train
185,26.5784499055,Male,1,img_185.bmp,train
186,25.1021622694,Male,1,img_186.bmp,train
187,24.4048799841,Male,1,img_187.bmp,train
188,26.6228558699,Male,1,img_188.bmp,train
189,24.273780352,Male,1,img_189.bmp,test
190,31.8941398866,Male,1,img_190.bmp,test
191,24.6588951901,Male,1,img_191.bmp,train
192,30.6804205515,Male,1,img_192.bmp,train
193,25.1021622694,Male,1,img_193.bmp,train
194,29.8341049383,Male,1,img_194.bmp,train
195,23.4604552469,Male,1,img_195.bmp,test
196,27.669982699,Male,1,img_196.bmp,train
197,24.6293252595,Male,1,img_197.bmp,test
198,24.36357908,Male,1,img_198.bmp,train
199,23.6252888049,Male,1,img_199.bmp,train
200,31.0361842105,Male,1,img_200.bmp,train
201,26.1677631579,Male,1,img_201.bmp,val
202,23.6724489796,Male,1,img_202.bmp,train
203,22.9551020408,Male,1,img_203.bmp,val
204,24.3252595156,Male,1,img_204.bmp,train
205,23.1089965398,Male,1,img_205.bmp,train
206,24.0211937716,Male,1,img_206.bmp,val
207,22.6528979239,Male,1,img_207.bmp,train
208,37.5051459777,Male,1,img_208.bmp,val
209,31.0081915564,Male,1,img_209.bmp,train
210,23.7455432539,Male,1,img_210.bmp,train
211,22.4263464065,Male,1,img_211.bmp,val
212,30.1285714286,Male,1,img_212.bmp,test
213,25.8244897959,Male,1,img_213.bmp,val
214,28.1260813149,Male,1,img_214.bmp,val
215,26.4537197232,Male,1,img_215.bmp,train
216,26.1114285714,Male,1,img_216.bmp,train
217,21.5204081633,Male,1,img_217.bmp,train
218,26.7577854671,Male,1,img_218.bmp,test
219,21.4366349481,Male,1,img_219.bmp,train
220,35.8673469388,Male,1,img_220.bmp,train
221,31.2763265306,Male,1,img_221.bmp,train
222,28.2426538108,Female,1,img_222.bmp,train
223,23.4010560147,Female,1,img_223.bmp,train
224,32.979921186,Male,1,img_224.bmp,train
225,24.4051416776,Male,1,img_225.bmp,train
226,34.6621621622,Male,1,img_226.bmp,train
227,23.75,Male,1,img_227.bmp,train
228,35.2584876543,Male,1,img_228.bmp,val
229,27.1219135802,Male,1,img_229.bmp,train
230,27.8912914104,Male,1,img_230.bmp,train
231,24.4048799841,Male,1,img_231.bmp,val
232,36.2586788336,Male,1,img_232.bmp,train
233,24.4048799841,Male,1,img_233.bmp,train
234,47.2014285714,Female,1,img_234.bmp,test
235,25.8244897959,Female,1,img_235.bmp,train
236,33.4955632716,Female,1,img_236.bmp,train
237,24.4097222222,Female,1,img_237.bmp,train
240,36.1762234825,Male,1,img_240.bmp,train
241,28.7933207309,Male,1,img_241.bmp,train
242,41.6238347191,Female,1,img_242.bmp,train
243,35.7787855883,Female,1,img_243.bmp,train
244,44.3471533426,Male,1,img_244.bmp,train
245,33.0511803214,Male,1,img_245.bmp,train
246,32.8870572511,Female,1,img_246.bmp,train
247,28.9719313878,Female,1,img_247.bmp,train
248,31.1902006173,Male,1,img_248.bmp,train
249,25.0877700617,Male,1,img_249.bmp,val
250,39.7673372781,Female,1,img_250.bmp,train
251,27.2880473373,Female,1,img_251.bmp,train
252,43.3950617284,Male,1,img_252.bmp,train
253,34.9872685185,Male,1,img_253.bmp,val
254,44.7511574074,Male,1,img_254.bmp,val
255,38.6487268519,Male,1,img_255.bmp,train
256,42.0629552549,Male,1,img_256.bmp,test
257,35.6620707596,Male,1,img_257.bmp,train
258,31.9269031142,Male,1,img_258.bmp,train
259,25.5415224913,Male,1,img_259.bmp,train
260,37.1184,Male,1,img_260.bmp,test
261,32.9941333333,Male,1,img_261.bmp,train
262,35.7277249135,Male,1,img_262.bmp,val
263,27.9740484429,Male,1,img_263.bmp,train
264,35.2584876543,Female,1,img_264.bmp,train
265,24.4097222222,Female,1,img_265.bmp,val
266,26.3096458008,Female,1,img_266.bmp,train
267,19.5756293161,Female,1,img_267.bmp,train
268,35.4369387755,Male,1,img_268.bmp,train
269,24.3897959184,Male,1,img_269.bmp,train
270,35.4245401864,Female,1,img_270.bmp,test
271,26.5684051398,Female,1,img_271.bmp,val
272,37.597110152,Male,1,img_272.bmp,train
273,26.5158566335,Male,1,img_273.bmp,test
274,46.3700259516,Male,1,img_274.bmp,train
275,30.2545415225,Male,1,img_275.bmp,train
276,34.3688888889,Male,1,img_276.bmp,train
277,30.9944888889,Male,1,img_277.bmp,train
278,33.7714392944,Male,1,img_278.bmp,train
279,30.4734471758,Male,1,img_279.bmp,test
280,48.8102833552,Male,1,img_280.bmp,test
281,36.9375117283,Male,1,img_281.bmp,val
282,44.6240234375,Female,1,img_282.bmp,train
283,32.953125,Female,1,img_283.bmp,train
284,34.2991180334,Male,1,img_284.bmp,test
285,26.1200975793,Male,1,img_285.bmp,train
286,25.8401596303,Female,1,img_286.bmp,test
287,17.7189666037,Female,1,img_287.bmp,train
288,27.5624860771,Male,1,img_288.bmp,test
289,24.1171753174,Male,1,img_289.bmp,train
290,35.6186666667,Male,1,img_290.bmp,train
291,29.3697777778,Male,1,img_291.bmp,train
292,31.7960722079,Female,1,img_292.bmp,train
293,27.7518349534,Female,1,img_293.bmp,train
294,32.0038580247,Male,1,img_294.bmp,train
295,23.7316743827,Male,1,img_295.bmp,test
296,40.7730263158,Male,1,img_296.bmp,test
297,37.0,Male,1,img_297.bmp,train
298,40.0540540541,Male,1,img_298.bmp,train
299,25.4189189189,Male,1,img_299.bmp,test
302,37.072265625,Female,1,img_302.bmp,val
303,31.7517089844,Female,1,img_303.bmp,train
304,51.7125164196,Male,1,img_304.bmp,train
305,35.4863951961,Male,1,img_305.bmp,test
306,33.9023919753,Male,1,img_306.bmp,test
307,28.4780092593,Male,1,img_307.bmp,train
308,37.9928692062,Male,1,img_308.bmp,val
310,51.4892578125,Female,1,img_310.bmp,train
311,38.6169433594,Female,1,img_311.bmp,val
312,27.3167401806,Male,1,img_312.bmp,train
313,24.5112371351,Male,1,img_313.bmp,test
314,38.6169433594,Female,1,img_314.bmp,train
315,30.0354003906,Female,1,img_315.bmp,train
316,44.6756756757,Male,1,img_316.bmp,train
317,26.7027027027,Male,1,img_317.bmp,train
318,34.0553633218,Female,1,img_318.bmp,train
319,29.4943771626,Female,1,img_319.bmp,train
320,32.7722674073,Male,1,img_320.bmp,val
321,27.8912914104,Male,1,img_321.bmp,train
322,40.8243243243,Male,1,img_322.bmp,train
323,36.972972973,Male,1,img_323.bmp,train
324,39.9337278107,Female,1,img_324.bmp,train
325,23.2946745562,Female,1,img_325.bmp,train
326,43.7422222222,Male,1,img_326.bmp,test
327,33.744,Male,1,img_327.bmp,train
328,36.8716326531,Male,1,img_328.bmp,val
329,26.6853061224,Male,1,img_329.bmp,train
330,43.8917793965,Female,1,img_330.bmp,train
331,31.8215400624,Female,1,img_331.bmp,train
332,30.4065743945,Male,1,img_332.bmp,test
333,26.6057525952,Male,1,img_333.bmp,train
334,36.9375117283,Male,1,img_334.bmp,train
335,23.8774629386,Male,1,img_335.bmp,test
336,42.0823794333,Male,1,img_336.bmp,train
337,26.9116156877,Male,1,img_337.bmp,test
338,26.6287878788,Female,1,img_338.bmp,val
339,20.1733241506,Female,1,img_339.bmp,val
340,32.979921186,Male,1,img_340.bmp,val
341,25.7243385251,Male,1,img_341.bmp,train
342,29.6424354866,Male,1,img_342.bmp,train
343,23.7139483893,Male,1,img_343.bmp,train
344,31.7464818315,Male,1,img_344.bmp,train
345,25.1018693552,Male,1,img_345.bmp,test
346,32.6098632812,Female,1,img_346.bmp,train
347,24.0283203125,Female,1,img_347.bmp,train
348,42.214299118,Male,1,img_348.bmp,train
349,27.7031337962,Male,1,img_349.bmp,train
350,43.8494096681,Female,1,img_350.bmp,train
351,28.1889062152,Female,1,img_351.bmp,test
352,30.1285714286,Male,1,img_352.bmp,train
353,23.6724489796,Male,1,img_353.bmp,val
354,37.5852082869,Male,1,img_354.bmp,train
355,27.4058810425,Male,1,img_355.bmp,train
356,42.4924444444,Male,1,img_356.bmp,train
357,32.4942222222,Male,1,img_357.bmp,test
358,47.2014285714,Female,1,img_358.bmp,train
359,40.3148979592,Female,1,img_359.bmp,train
360,33.1052631579,Male,1,img_360.bmp,train
361,25.4375,Male,1,img_361.bmp,test
362,49.1701323251,Male,1,img_362.bmp,train
363,35.5855912623,Male,1,img_363.bmp,test
364,42.564453125,Female,1,img_364.bmp,train
365,35.0126953125,Female,1,img_365.bmp,train
366,37.1957671958,Female,1,img_366.bmp,train
367,26.037037037,Female,1,img_367.bmp,test
368,36.7434666667,Male,1,img_368.bmp,train
369,27.1201777778,Male,1,img_369.bmp,train
370,46.1168,Male,1,img_370.bmp,test
371,41.4926222222,Male,1,img_371.bmp,val
372,37.6532434041,Male,1,img_372.bmp,val
373,35.5613965483,Male,1,img_373.bmp,train
374,41.1757142857,Male,1,img_374.bmp,train
375,33.2848979592,Male,1,img_375.bmp,train
376,40.1644736842,Male,1,img_376.bmp,test
377,37.3651315789,Male,1,img_377.bmp,train
378,38.4053069719,Female,1,img_378.bmp,test
379,27.0665972945,Female,1,img_379.bmp,train
380,45.1891891892,Male,1,img_380.bmp,val
381,38.1283783784,Male,1,img_381.bmp,val
382,52.7554065744,Female,1,img_382.bmp,train
383,39.5285467128,Female,1,img_383.bmp,train
384,28.693877551,Male,1,img_384.bmp,train
385,22.8488284203,Male,1,img_385.bmp,val
386,39.3267746914,Male,1,img_386.bmp,val
387,33.2243441358,Male,1,img_387.bmp,test
388,29.598351526,Male,1,img_388.bmp,train
389,25.9964357318,Male,1,img_389.bmp,train
390,45.8360339506,Male,1,img_390.bmp,train
391,33.7667824074,Male,1,img_391.bmp,train
392,30.6634527089,Female,1,img_392.bmp,train
393,26.6287878788,Female,1,img_393.bmp,train
394,37.9258494031,Female,1,img_394.bmp,train
395,30.6634527089,Female,1,img_395.bmp,train
396,34.4531075963,Male,1,img_396.bmp,train
397,26.6228558699,Male,1,img_397.bmp,train
398,39.5759054232,Male,1,img_398.bmp,test
399,33.6395196097,Male,1,img_399.bmp,train
400,43.8494096681,Female,1,img_400.bmp,val
401,39.9342838049,Female,1,img_401.bmp,train
402,38.0193877551,Male,1,img_402.bmp,train
403,25.8244897959,Male,1,img_403.bmp,test
404,30.0354003906,Female,1,img_404.bmp,train
405,24.8864746094,Female,1,img_405.bmp,train
406,28.7933207309,Male,1,img_406.bmp,train
407,22.8869985297,Male,1,img_407.bmp,train
408,44.6976643599,Male,1,img_408.bmp,train
409,25.8455882353,Male,1,img_409.bmp,test
410,40.1644736842,Male,1,img_410.bmp,test
411,36.3914473684,Male,1,img_411.bmp,test
412,24.6891259105,Female,1,img_412.bmp,train
413,21.0314776275,Female,1,img_413.bmp,test
414,55.9079973268,Female,1,img_414.bmp,train
415,32.4172421475,Female,1,img_415.bmp,val
416,44.3320408163,Male,1,img_416.bmp,train
417,36.4412244898,Male,1,img_417.bmp,train
418,47.1381153932,Female,1,img_418.bmp,train
419,40.873914012,Female,1,img_419.bmp,train
420,28.5885736957,Male,1,img_420.bmp,train
421,24.4048799841,Male,1,img_421.bmp,train
422,37.9304199219,Female,1,img_422.bmp,test
423,19.9091796875,Female,1,img_423.bmp,train
424,38.0953947368,Male,1,img_424.bmp,train
425,27.9934210526,Male,1,img_425.bmp,train
426,28.9519526627,Male,1,img_426.bmp,test
427,25.7905325444,Male,1,img_427.bmp,train
428,33.961352657,Male,1,img_428.bmp,train
429,26.5784499055,Male,1,img_429.bmp,val
430,29.2611862643,Female,1,img_430.bmp,train
431,25.237773153,Female,1,img_431.bmp,train
432,44.7040863177,Female,1,img_432.bmp,train
433,37.6030762167,Female,1,img_433.bmp,train
434,61.7023533951,Male,1,img_434.bmp,train
435,35.665316358,Male,1,img_435.bmp,test
438,31.0011259148,Male,1,img_438.bmp,train
439,27.835053481,Male,1,img_439.bmp,train
440,54.8714416896,Female,1,img_440.bmp,val
441,32.277318641,Female,1,img_441.bmp,train
442,35.9892102847,Female,1,img_442.bmp,test
443,20.9802571166,Female,1,img_443.bmp,train
444,50.1708477509,Female,1,img_444.bmp,train
445,25.8455882353,Female,1,img_445.bmp,train
446,35.2960526316,Male,1,img_446.bmp,test
447,25.5592105263,Male,1,img_447.bmp,train
448,33.7153061224,Male,1,img_448.bmp,train
449,30.8459183673,Male,1,img_449.bmp,train
450,32.2309688581,Male,1,img_450.bmp,train
451,24.7813581315,Male,1,img_451.bmp,test
452,36.4878892734,Female,1,img_452.bmp,test
453,30.4065743945,Female,1,img_453.bmp,val
454,30.6634527089,Male,1,img_454.bmp,test
455,24.2079889807,Male,1,img_455.bmp,train
456,29.0495867769,Female,1,img_456.bmp,test
457,28.2426538108,Female,1,img_457.bmp,train
458,32.277318641,Female,1,img_458.bmp,train
459,25.1763085399,Female,1,img_459.bmp,train
460,38.4899821464,Male,1,img_460.bmp,test
461,35.2824836342,Male,1,img_461.bmp,val
462,27.4058810425,Female,1,img_462.bmp,train
463,25.3700155937,Female,1,img_463.bmp,train
464,26.9552662722,Female,1,img_464.bmp,test
465,23.6274556213,Female,1,img_465.bmp,train
466,36.2586788336,Male,1,img_466.bmp,train
467,22.3130331283,Male,1,img_467.bmp,train
468,37.2926311728,Male,1,img_468.bmp,train
469,25.0877700617,Male,1,img_469.bmp,train
470,40.4116512346,Male,1,img_470.bmp,test
471,26.5794753086,Male,1,img_471.bmp,train
472,42.4924444444,Male,1,img_472.bmp,test
473,29.9946666667,Male,1,img_473.bmp,test
474,38.3063265306,Male,1,img_474.bmp,train
475,34.1457142857,Male,1,img_475.bmp,train
476,25.4924945185,Male,1,img_476.bmp,test
477,23.1210996795,Male,1,img_477.bmp,train
478,33.3599537037,Male,1,img_478.bmp,train
479,27.2575231481,Male,1,img_479.bmp,train
480,35.9797659195,Male,1,img_480.bmp,train
481,26.775639754,Male,1,img_481.bmp,train
482,51.6911764706,Male,1,img_482.bmp,val
483,33.4472318339,Male,1,img_483.bmp,train
484,32.4933544932,Male,1,img_484.bmp,train
485,21.476294386,Male,1,img_485.bmp,train
486,37.7855415211,Female,1,img_486.bmp,train
487,24.5606019887,Female,1,img_487.bmp,train
488,29.6747919144,Female,1,img_488.bmp,train
489,22.7785374554,Female,1,img_489.bmp,train
490,36.7434666667,Male,1,img_490.bmp,train
491,26.2453333333,Male,1,img_491.bmp,train
492,34.4043268221,Male,1,img_492.bmp,test
493,28.940978786,Male,1,img_493.bmp,train
494,38.9473684211,Male,1,img_494.bmp,train
495,27.9934210526,Male,1,img_495.bmp,train
496,33.7153061224,Male,1,img_496.bmp,test
497,29.9851020408,Male,1,img_497.bmp,train
498,50.9891975309,Male,1,img_498.bmp,train
499,37.2926311728,Male,1,img_499.bmp,test
500,28.0550304558,Male,1,img_500.bmp,train
501,23.6252888049,Male,1,img_501.bmp,train
502,38.0716127752,Male,1,img_502.bmp,test
503,26.4967268399,Male,1,img_503.bmp,train
504,44.089532872,Male,1,img_504.bmp,test
505,31.1667387543,Male,1,img_505.bmp,test
506,44.0731095679,Male,1,img_506.bmp,train
507,27.7999614198,Male,1,img_507.bmp,train
508,38.8380485632,Female,1,img_508.bmp,test
509,24.4303853865,Female,1,img_509.bmp,train
510,29.5316110061,Male,1,img_510.bmp,test
511,25.8401596303,Male,1,img_511.bmp,train
512,32.1394675926,Male,1,img_512.bmp,train
513,23.7316743827,Male,1,img_513.bmp,test
514,24.36357908,Male,1,img_514.bmp,train
515,22.8869985297,Male,1,img_515.bmp,train
516,29.950295858,Male,1,img_516.bmp,train
517,21.6307692308,Male,1,img_517.bmp,test
518,37.5852082869,Male,1,img_518.bmp,train
519,25.0568055246,Male,1,img_519.bmp,train
520,34.4531075963,Male,1,img_520.bmp,train
521,24.4303853865,Male,1,img_521.bmp,train
522,39.8326124567,Male,1,img_522.bmp,train
523,31.6228373702,Male,1,img_523.bmp,train
524,35.8673469388,Male,1,img_524.bmp,train
525,24.3897959184,Male,1,img_525.bmp,train
526,32.979921186,Male,1,img_526.bmp,train
527,26.3839369488,Male,1,img_527.bmp,train
528,32.9448223734,Female,1,img_528.bmp,train
529,27.6311413454,Female,1,img_529.bmp,test
532,38.4899821464,Male,1,img_532.bmp,train
533,34.1668319778,Male,1,img_533.bmp,val
534,36.7723076923,Female,1,img_534.bmp,train
535,30.1166863905,Female,1,img_535.bmp,train
536,44.7040863177,Female,1,img_536.bmp,train
537,36.4733700643,Female,1,img_537.bmp,val
538,42.9525887721,Female,1,img_538.bmp,train
539,39.6056338028,Female,1,img_539.bmp,train
540,39.4540816327,Male,1,img_540.bmp,train
541,25.8244897959,Male,1,img_541.bmp,test
542,30.1689189189,Male,1,img_542.bmp,test
543,24.3918918919,Male,1,img_543.bmp,test
544,57.387755102,Male,1,img_544.bmp,test
545,53.0836734694,Male,1,img_545.bmp,train
546,38.3682334596,Male,1,img_546.bmp,train
547,27.4058810425,Male,1,img_547.bmp,train
548,31.2814201183,Female,1,img_548.bmp,train
549,22.1299408284,Female,1,img_549.bmp,test
550,39.7972972973,Male,1,img_550.bmp,test
551,35.9459459459,Male,1,img_551.bmp,test
552,37.2348740329,Male,1,img_552.bmp,train
553,29.285855981,Male,1,img_553.bmp,train
554,51.5810650888,Female,1,img_554.bmp,train
555,31.6142011834,Female,1,img_555.bmp,train
556,37.4933333333,Male,1,img_556.bmp,val
557,28.7448888889,Male,1,img_557.bmp,train
558,24.6200554296,Female,1,img_558.bmp,train
559,22.1403376165,Female,1,img_559.bmp,train
560,40.3466483012,Female,1,img_560.bmp,train
561,33.891184573,Female,1,img_561.bmp,test
562,34.6948770876,Male,1,img_562.bmp,train
563,27.0435353725,Male,1,img_563.bmp,train
564,32.8618421053,Male,1,img_564.bmp,train
565,30.3059210526,Male,1,img_565.bmp,train
566,34.9675605536,Female,1,img_566.bmp,val
567,25.0854238754,Female,1,img_567.bmp,train
568,24.6767346939,Male,1,img_568.bmp,train
569,20.8030612245,Male,1,img_569.bmp,train
570,32.7676996725,Female,1,img_570.bmp,train
571,28.3396321492,Female,1,img_571.bmp,test
572,28.1889062152,Male,1,img_572.bmp,train
573,27.5624860771,Male,1,img_573.bmp,train
574,30.2680555556,Female,1,img_574.bmp,val
575,20.8947222222,Female,1,img_575.bmp,test
576,29.7549565605,Female,1,img_576.bmp,train
577,22.7077300067,Female,1,img_577.bmp,train
578,29.2851414569,Male,1,img_578.bmp,test
580,41.8090397924,Female,1,img_580.bmp,train
581,31.7748702422,Female,1,img_581.bmp,test
582,41.5547006943,Male,1,img_582.bmp,test
583,34.2991180334,Male,1,img_583.bmp,train
584,25.6827916352,Female,1,img_584.bmp,train
585,22.1403376165,Female,1,img_585.bmp,train
586,29.7549565605,Male,1,img_586.bmp,train
587,25.0568055246,Male,1,img_587.bmp,test
588,30.1792929293,Female,1,img_588.bmp,train
589,25.983241506,Female,1,img_589.bmp,train
590,35.3687111111,Male,1,img_590.bmp,train
591,24.1207111111,Male,1,img_591.bmp,val
592,36.8445945946,Male,1,img_592.bmp,train
593,33.6351351351,Male,1,img_593.bmp,test
594,42.214299118,Male,1,img_594.bmp,test
595,26.1200975793,Male,1,img_595.bmp,train
596,38.4899821464,Male,1,img_596.bmp,train
597,32.2144415791,Male,1,img_597.bmp,train
598,32.4847721067,Male,1,img_598.bmp,train
599,27.3167401806,Male,1,img_599.bmp,val
600,35.1843261719,Female,1,img_600.bmp,val
601,26.2595214844,Female,1,img_601.bmp,test
602,30.1285714286,Male,1,img_602.bmp,train
603,26.5418367347,Male,1,img_603.bmp,train
604,31.7517089844,Male,1,img_604.bmp,train
605,25.5729980469,Male,1,img_605.bmp,val
606,40.3466483012,Female,1,img_606.bmp,val
607,30.6634527089,Female,1,img_607.bmp,train
608,30.3415274911,Male,1,img_608.bmp,train
609,25.0647401013,Male,1,img_609.bmp,train
610,26.1891891892,Male,1,img_610.bmp,train
611,21.6959459459,Male,1,img_611.bmp,train
612,40.2341311134,Male,1,img_612.bmp,train
613,32.9188345473,Male,1,img_613.bmp,train
614,33.2781065089,Female,1,img_614.bmp,test
615,25.9569230769,Female,1,img_615.bmp,train
616,48.860770773,Female,1,img_616.bmp,train
618,32.074985122,Male,1,img_618.bmp,train
619,27.8912914104,Male,1,img_619.bmp,train
620,68.2029024456,Female,1,img_620.bmp,train
621,36.6519752755,Female,1,img_621.bmp,train
622,31.5632653061,Male,1,img_622.bmp,test
623,22.237755102,Male,1,img_623.bmp,test
624,29.6464100346,Male,1,img_624.bmp,train
625,24.7813581315,Male,1,img_625.bmp,train
626,49.378251821,Female,1,img_626.bmp,train
627,22.3116545265,Female,1,img_627.bmp,train
628,39.8326124567,Male,1,img_628.bmp,train
629,29.9504757785,Male,1,img_629.bmp,val
630,35.773964497,Female,1,img_630.bmp,train
631,31.6142011834,Female,1,img_631.bmp,train
632,29.7566137566,Female,1,img_632.bmp,train
633,23.9115646259,Female,1,img_633.bmp,train
634,39.5559210526,Male,1,img_634.bmp,test
635,29.2105263158,Male,1,img_635.bmp,train
636,32.074985122,Male,1,img_636.bmp,train
637,27.8912914104,Male,1,img_637.bmp,train
638,41.722972973,Male,1,img_638.bmp,test
639,26.3175675676,Male,1,img_639.bmp,train
640,24.3252595156,Female,1,img_640.bmp,train
641,21.740700692,Female,1,img_641.bmp,train
642,34.2764497041,Female,1,img_642.bmp,train
643,28.2863905325,Female,1,img_643.bmp,train
644,32.3125538638,Female,1,img_644.bmp,train
645,24.2344153979,Female,1,img_645.bmp,val
646,43.8494096681,Female,1,img_646.bmp,train
647,36.8021831143,Female,1,img_647.bmp,train
648,41.7365491651,Male,1,img_648.bmp,train
649,29.6424354866,Male,1,img_649.bmp,train
650,35.9936,Male,1,img_650.bmp,train
651,27.4951111111,Male,1,img_651.bmp,test
652,47.4633487654,Male,1,img_652.bmp,val
653,39.3267746914,Male,1,img_653.bmp,val
654,30.240933642,Male,1,img_654.bmp,train
655,24.8165509259,Male,1,img_655.bmp,train
656,56.5269387755,Male,1,img_656.bmp,train
657,38.3063265306,Male,1,img_657.bmp,train
658,48.5773645546,Female,1,img_658.bmp,train
659,36.4733700643,Female,1,img_659.bmp,test
660,47.5876923077,Female,1,img_660.bmp,test
661,29.2847337278,Female,1,img_661.bmp,train
662,32.4134542706,Female,1,img_662.bmp,test
663,24.6200554296,Female,1,img_663.bmp,val
664,33.891184573,Female,1,img_664.bmp,val
665,28.2426538108,Female,1,img_665.bmp,train
666,26.7763157895,Male,1,img_666.bmp,train
667,21.9078947368,Male,1,img_667.bmp,train
668,35.6183148808,Male,1,img_668.bmp,test
669,22.0305873522,Male,1,img_669.bmp,train
672,40.3466483012,Female,1,img_672.bmp,val
673,25.4990817264,Female,1,img_673.bmp,val
674,38.211628425,Male,1,img_674.bmp,train
675,28.8153263533,Male,1,img_675.bmp,train
676,45.462804999,Male,1,img_676.bmp,train
677,36.2586788336,Male,1,img_677.bmp,train
678,46.1565656566,Male,1,img_678.bmp,train
679,29.5337465565,Male,1,img_679.bmp,train
680,39.5285467128,Male,1,img_680.bmp,train
681,27.365916955,Male,1,img_681.bmp,test
682,31.0900104058,Female,1,img_682.bmp,train
683,26.517950052,Female,1,img_683.bmp,train
684,38.3505256893,Male,1,img_684.bmp,train
685,23.7075976989,Male,1,img_685.bmp,train
686,32.3537146614,Male,1,img_686.bmp,train
687,27.7317554241,Male,1,img_687.bmp,test
688,60.5199724518,Male,1,img_688.bmp,train
689,38.7327823691,Male,1,img_689.bmp,test
690,61.5644970414,Female,1,img_690.bmp,train
691,46.5893491124,Female,1,img_691.bmp,val
692,43.8494096681,Male,1,img_692.bmp,train
693,23.4907551793,Male,1,img_693.bmp,train
694,30.1792929293,Female,1,img_694.bmp,train
695,24.6921487603,Female,1,img_695.bmp,test
696,33.610887574,Female,1,img_696.bmp,train
697,26.289704142,Female,1,img_697.bmp,train
698,38.0082179931,Male,1,img_698.bmp,val
699,28.8862456747,Male,1,img_699.bmp,train
700,38.7431111111,Male,1,img_700.bmp,train
701,34.9937777778,Male,1,img_701.bmp,train
702,38.5135135135,Male,1,img_702.bmp,val
703,25.0337837838,Male,1,img_703.bmp,train
704,42.564453125,Female,1,img_704.bmp,train
705,32.6098632812,Female,1,img_705.bmp,train
706,39.3267746914,Male,1,img_706.bmp,train
707,30.5121527778,Male,1,img_707.bmp,test
708,33.610887574,Female,1,img_708.bmp,train
709,26.289704142,Female,1,img_709.bmp,test
710,34.2991180334,Male,1,img_710.bmp,test
711,25.7243385251,Male,1,img_711.bmp,train
712,48.5475607039,Female,1,img_712.bmp,train
713,21.924704834,Female,1,img_713.bmp,train
714,37.9321563182,Male,1,img_714.bmp,train
715,29.285855981,Male,1,img_715.bmp,train
716,47.8903546713,Male,1,img_716.bmp,train
717,31.9269031142,Male,1,img_717.bmp,train
718,33.7153061224,Male,1,img_718.bmp,train
719,23.6724489796,Male,1,img_719.bmp,train
720,32.9979591837,Male,1,img_720.bmp,val
721,28.693877551,Male,1,img_721.bmp,train
722,38.2567085757,Male,1,img_722.bmp,train
723,27.9669731657,Male,1,img_723.bmp,train
724,33.2230623819,Female,1,img_724.bmp,val
725,25.8401596303,Female,1,img_725.bmp,train
726,22.629112426,Female,1,img_726.bmp,test
727,19.9668639053,Female,1,img_727.bmp,test
728,32.839100346,Female,1,img_728.bmp,test
729,23.7171280277,Female,1,img_729.bmp,train
730,38.7885742188,Female,1,img_730.bmp,train
731,35.3559570312,Female,1,img_731.bmp,train
732,30.6945867677,Female,1,img_732.bmp,train
733,26.6228558699,Female,1,img_733.bmp,train
736,35.2584876543,Male,1,img_736.bmp,test
737,24.4097222222,Male,1,img_737.bmp,train
738,43.5743801653,Female,1,img_738.bmp,train
739,29.0495867769,Female,1,img_739.bmp,train
740,49.6131064902,Male,1,img_740.bmp,test
741,32.1894559966,Male,1,img_741.bmp,train
743,33.891184573,Female,1,img_743.bmp,train
744,34.0789473684,Male,1,img_744.bmp,test
745,23.0032894737,Male,1,img_745.bmp,train
746,37.7290298367,Male,1,img_746.bmp,train
747,26.5158566335,Male,1,img_747.bmp,train
748,32.3203227622,Male,1,img_748.bmp,val
749,22.6901857759,Male,1,img_749.bmp,train
750,37.6528040328,Male,1,img_750.bmp,train
751,23.9206049149,Male,1,img_751.bmp,train
752,39.5285467128,Male,1,img_752.bmp,train
753,31.9269031142,Male,1,img_753.bmp,train
754,37.072265625,Female,1,img_754.bmp,val
755,33.2963867188,Female,1,img_755.bmp,test
756,44.7040863177,Female,1,img_756.bmp,train
757,32.7614784206,Female,1,img_757.bmp,train
758,39.4858908895,Female,1,img_758.bmp,test
759,30.2284332169,Female,1,img_759.bmp,val
760,31.1476124885,Female,1,img_760.bmp,train
761,25.1763085399,Female,1,img_761.bmp,train
762,36.0191579416,Male,1,img_762.bmp,train
763,27.5624860771,Male,1,img_763.bmp,val
764,29.4112244898,Male,1,img_764.bmp,train
765,25.8244897959,Male,1,img_765.bmp,train
766,52.4186095358,Female,1,img_766.bmp,train
767,45.7739970594,Female,1,img_767.bmp,train
768,43.0663844954,Female,1,img_768.bmp,train
769,40.2474938739,Female,1,img_769.bmp,test
770,43.5743801653,Female,1,img_770.bmp,train
771,27.4357208448,Female,1,img_771.bmp,train
772,41.19140625,Female,1,img_772.bmp,test
773,27.4609375,Female,1,img_773.bmp,train
774,31.1150295858,Female,1,img_774.bmp,train
775,23.2946745562,Female,1,img_775.bmp,test
776,21.663877551,Male,1,img_776.bmp,val
777,18.6510204082,Male,1,img_777.bmp,train
778,33.6700824237,Female,1,img_778.bmp,train
779,25.0568055246,Female,1,img_779.bmp,train
780,29.088636841,Female,1,img_780.bmp,val
781,21.7057340895,Female,1,img_781.bmp,val
782,47.4633487654,Male,1,img_782.bmp,train
783,40.8184799383,Male,1,img_783.bmp,test
784,33.9023919753,Male,1,img_784.bmp,train
785,23.0536265432,Male,1,img_785.bmp,train
786,24.6891259105,Female,1,img_786.bmp,train
787,20.1170655567,Female,1,img_787.bmp,test
788,40.2887110727,Female,1,img_788.bmp,val
789,27.365916955,Female,1,img_789.bmp,train
790,36.7501929012,Male,1,img_790.bmp,train
791,30.9189814815,Male,1,img_791.bmp,train
792,42.5342194009,Male,1,img_792.bmp,train
793,27.1940091252,Male,1,img_793.bmp,train
794,34.4326530612,Male,1,img_794.bmp,train
795,25.8244897959,Male,1,img_795.bmp,train
796,40.6828703704,Male,1,img_796.bmp,train
797,29.8341049383,Male,1,img_797.bmp,train
798,27.6895918367,Male,1,img_798.bmp,val
799,24.1028571429,Male,1,img_799.bmp,train
800,40.6828703704,Male,1,img_800.bmp,val
801,21.6975308642,Male,1,img_801.bmp,test
802,29.5316110061,Male,1,img_802.bmp,train
803,21.4104179794,Male,1,img_803.bmp,train
804,26.7763157895,Male,1,img_804.bmp,test
805,23.125,Male,1,img_805.bmp,train
806,41.5547006943,Male,1,img_806.bmp,train
807,32.979921186,Male,1,img_807.bmp,train
808,42.4924444444,Male,1,img_808.bmp,train
809,29.3697777778,Male,1,img_809.bmp,train
810,45.5743243243,Male,1,img_810.bmp,test
811,25.6756756757,Male,1,img_811.bmp,train
812,36.6145833333,Female,1,img_812.bmp,train
813,25.7658179012,Female,1,img_813.bmp,train
814,36.3119834711,Male,1,img_814.bmp,train
815,26.6287878788,Male,1,img_815.bmp,train
816,27.4609375,Female,1,img_816.bmp,train
817,24.0283203125,Female,1,img_817.bmp,test
818,37.9423174228,Male,1,img_818.bmp,train
819,24.8996458087,Male,1,img_819.bmp,val
821,29.0948669712,Female,1,img_821.bmp,train
822,25.3971854652,Male,1,img_822.bmp,train
823,22.1487082546,Male,1,img_823.bmp,train
825,26.4560946746,Male,1,img_825.bmp,train
826,44.9890738814,Female,1,img_826.bmp,test
827,35.8449531738,Female,1,img_827.bmp,train
828,38.3910943079,Male,1,img_828.bmp,train
829,25.8401596303,Male,1,img_829.bmp,train
830,27.4357208448,Female,1,img_830.bmp,test
831,24.2079889807,Female,1,img_831.bmp,train
832,33.6700824237,Female,1,img_832.bmp,test
833,29.7549565605,Female,1,img_833.bmp,train
834,40.1714285714,Male,1,img_834.bmp,test
835,35.15,Male,1,img_835.bmp,train
836,54.7697368421,Male,1,img_836.bmp,train
837,30.4276315789,Male,1,img_837.bmp,train
838,35.5804081633,Female,1,img_838.bmp,train
839,29.4112244898,Female,1,img_839.bmp,val
840,38.2418981481,Male,1,img_840.bmp,train
841,26.9863040123,Male,1,img_841.bmp,test
842,22.6713249127,Female,1,img_842.bmp,train
843,20.9709755442,Female,1,img_843.bmp,train
844,44.7040863177,Female,1,img_844.bmp,train
845,31.7931588613,Female,1,img_845.bmp,test
846,31.0011259148,Male,1,img_846.bmp,train
847,27.0435353725,Male,1,img_847.bmp,val
848,39.7450902599,Male,1,img_848.bmp,train
849,33.4695496925,Male,1,img_849.bmp,test
850,27.0926709735,Female,1,img_850.bmp,train
851,20.8284695923,Female,1,img_851.bmp,val
852,35.6183148808,Male,1,img_852.bmp,val
853,26.3839369488,Male,1,img_853.bmp,test
854,34.1671983487,Male,1,img_854.bmp,train
855,26.1200975793,Male,1,img_855.bmp,test
856,50.853587963,Male,1,img_856.bmp,train
857,34.5804398148,Male,1,img_857.bmp,test
858,27.4609375,Female,1,img_858.bmp,train
859,21.4538574219,Female,1,img_859.bmp,train
862,29.3723599633,Female,1,img_862.bmp,train
863,25.8218549128,Female,1,img_863.bmp,test
864,42.5342194009,Male,1,img_864.bmp,train
865,32.074985122,Male,1,img_865.bmp,test
866,33.4955632716,Male,1,img_866.bmp,train
867,28.7492283951,Male,1,img_867.bmp,test
868,44.7040863177,Female,1,img_868.bmp,train
869,31.4703856749,Female,1,img_869.bmp,val
870,39.5285467128,Male,1,img_870.bmp,train
871,28.1260813149,Male,1,img_871.bmp,test
872,35.8673469388,Male,1,img_872.bmp,train
873,27.9765306122,Male,1,img_873.bmp,train
874,30.4651045603,Female,1,img_874.bmp,train
875,24.4429327286,Female,1,img_875.bmp,train
876,37.072265625,Female,1,img_876.bmp,train
877,31.7517089844,Female,1,img_877.bmp,train
878,41.5976331361,Male,1,img_878.bmp,test
879,23.2946745562,Male,1,img_879.bmp,train
880,34.2073961938,Male,1,img_880.bmp,train
881,30.7106401384,Male,1,img_881.bmp,train
882,31.8693333333,Male,1,img_882.bmp,train
883,25.6204444444,Male,1,img_883.bmp,val
884,50.0298438935,Female,1,img_884.bmp,train
885,22.5941230487,Female,1,img_885.bmp,train
886,28.5885736957,Male,1,img_886.bmp,train
887,22.3130331283,Male,1,img_887.bmp,train
888,34.9229226999,Female,1,img_888.bmp,test
889,23.9605702829,Female,1,img_889.bmp,test
890,33.9023919753,Male,1,img_890.bmp,train
891,25.7658179012,Male,1,img_891.bmp,train
892,38.0082179931,Female,1,img_892.bmp,train
893,27.365916955,Female,1,img_893.bmp,train
894,39.4540816327,Female,1,img_894.bmp,test
895,35.15,Female,1,img_895.bmp,train
896,42.5965693918,Female,1,img_896.bmp,train
897,38.8380485632,Female,1,img_897.bmp,test
898,25.4990817264,Female,1,img_898.bmp,train
899,21.4644168962,Female,1,img_899.bmp,train
900,40.9012812434,Male,1,img_900.bmp,train
901,31.3035076665,Male,1,img_901.bmp,train
902,40.2665088757,Female,1,img_902.bmp,train
903,32.9453254438,Female,1,img_903.bmp,train
904,35.5275878906,Female,1,img_904.bmp,train
905,24.0283203125,Female,1,img_905.bmp,train
906,28.12,Female,1,img_906.bmp,train
907,22.4569444444,Female,1,img_907.bmp,train
908,34.1668319778,Male,1,img_908.bmp,train
909,24.4048799841,Male,1,img_909.bmp,train
910,51.3655832703,Female,1,img_910.bmp,val
911,40.5610985135,Female,1,img_911.bmp,train
912,43.536199599,Male,1,img_912.bmp,train
913,34.7663176654,Male,1,img_913.bmp,test
914,31.0651855469,Female,1,img_914.bmp,test
915,27.4609375,Female,1,img_915.bmp,test
916,32.5462962963,Male,1,img_916.bmp,train
917,23.0536265432,Male,1,img_917.bmp,train
918,32.687067474,Male,1,img_918.bmp,val
919,26.6057525952,Male,1,img_919.bmp,train
920,39.0478079746,Male,1,img_920.bmp,test
921,24.4048799841,Male,1,img_921.bmp,train
922,40.4423725451,Male,1,img_922.bmp,val
923,29.285855981,Male,1,img_923.bmp,train
924,31.5278407659,Female,1,img_924.bmp,train
925,26.5684051398,Female,1,img_925.bmp,train
926,35.1426170972,Male,1,img_926.bmp,train
927,29.9745851712,Male,1,img_927.bmp,train
928,46.8076034447,Female,1,img_928.bmp,test
929,27.6120562907,Female,1,img_929.bmp,train
930,30.3415274911,Male,1,img_930.bmp,test
931,25.0647401013,Male,1,img_931.bmp,val
932,40.3466483012,Female,1,img_932.bmp,train
933,24.3693755739,Female,1,img_933.bmp,val
934,30.1792929293,Female,1,img_934.bmp,train
935,23.4010560147,Female,1,img_935.bmp,test
936,28.3627322199,Male,1,img_936.bmp,train
937,22.4263464065,Male,1,img_937.bmp,train
938,33.6351351351,Male,1,img_938.bmp,train
939,22.8513513514,Male,1,img_939.bmp,train
940,25.0647401013,Male,1,img_940.bmp,train
941,21.7667479827,Male,1,img_941.bmp,val
942,31.0545910494,Male,1,img_942.bmp,test
943,26.9863040123,Male,1,img_943.bmp,train
944,36.9145137576,Female,1,img_944.bmp,train
945,28.0550304558,Female,1,img_945.bmp,train
946,41.6569391847,Female,1,img_946.bmp,train
947,34.9229226999,Female,1,img_947.bmp,train
948,45.5122912366,Male,1,img_948.bmp,train
949,29.0223306436,Male,1,img_949.bmp,train
950,35.723877551,Male,1,img_950.bmp,train
951,26.8287755102,Male,1,img_951.bmp,train
952,27.6325683594,Female,1,img_952.bmp,train
953,21.96875,Female,1,img_953.bmp,test
954,34.006987369,Female,1,img_954.bmp,train
955,27.3945176028,Female,1,img_955.bmp,val
956,59.6144,Male,1,img_956.bmp,train
957,38.7431111111,Male,1,img_957.bmp,test
958,29.1560570988,Male,1,img_958.bmp,train
959,25.0877700617,Male,1,img_959.bmp,val
960,44.7040863177,Female,1,img_960.bmp,train
961,30.5020661157,Female,1,img_961.bmp,train
962,25.0149219467,Male,1,img_962.bmp,train
963,20.9802571166,Male,1,img_963.bmp,train
964,32.7722674073,Male,1,img_964.bmp,train
965,29.9831382662,Male,1,img_965.bmp,test
966,41.5346679688,Female,1,img_966.bmp,train
967,36.2141113281,Female,1,img_967.bmp,train
968,32.0789359862,Male,1,img_968.bmp,train
969,24.4772923875,Male,1,img_969.bmp,train
970,36.3101536911,Female,1,img_970.bmp,train
971,30.9964726631,Female,1,img_971.bmp,train
972,36.3101536911,Female,1,img_972.bmp,train
973,24.4429327286,Female,1,img_973.bmp,train
974,40.2341311134,Female,1,img_974.bmp,train
975,33.650364204,Female,1,img_975.bmp,test
976,33.2781065089,Female,1,img_976.bmp,test
977,26.6224852071,Female,1,img_977.bmp,val
978,28.2634693878,Male,1,img_978.bmp,train
979,25.3940816327,Male,1,img_979.bmp,val
980,33.2230623819,Male,1,img_980.bmp,train
981,23.6252888049,Male,1,img_981.bmp,train
982,40.2341311134,Female,1,img_982.bmp,train
983,27.4323621228,Female,1,img_983.bmp,train
984,62.4091836735,Male,1,img_984.bmp,train
985,38.0193877551,Male,1,img_985.bmp,val
986,37.3020408163,Male,1,img_986.bmp,train
987,26.5418367347,Male,1,img_987.bmp,train
988,44.2806752331,Female,1,img_988.bmp,test
989,35.4245401864,Female,1,img_989.bmp,test
990,32.4461538462,Female,1,img_990.bmp,train
991,24.459408284,Female,1,img_991.bmp,train
992,40.1714285714,Male,1,img_992.bmp,train
993,34.4326530612,Male,1,img_993.bmp,test
994,34.698117539,Female,1,img_994.bmp,train
995,26.6287878788,Female,1,img_995.bmp,val
996,32.074985122,Male,1,img_996.bmp,train
997,26.4967268399,Male,1,img_997.bmp,val
998,40.8481445312,Female,1,img_998.bmp,train
999,33.9829101562,Female,1,img_999.bmp,train
1000,42.2408267906,Male,1,img_1000.bmp,val
1001,36.045505528,Male,1,img_1001.bmp,train
1002,31.1667387543,Male,1,img_1002.bmp,train
1003,23.5650951557,Male,1,img_1003.bmp,train
1004,43.22298953,Female,1,img_1004.bmp,train
1005,29.1285364224,Female,1,img_1005.bmp,test
1006,29.285855981,Male,1,img_1006.bmp,train
1007,22.3130331283,Male,1,img_1007.bmp,train
1008,46.6275510204,Female,1,img_1008.bmp,train
1009,37.3020408163,Female,1,img_1009.bmp,train
1010,56.277970679,Male,1,img_1010.bmp,train
1011,29.5628858025,Male,1,img_1011.bmp,test
1012,40.7631825859,Male,1,img_1012.bmp,train
1013,26.252017264,Male,1,img_1013.bmp,test
1014,38.7327823691,Female,1,img_1014.bmp,test
1015,29.0495867769,Female,1,img_1015.bmp,val
1016,39.7450902599,Male,1,img_1016.bmp,test
1017,29.9831382662,Male,1,img_1017.bmp,test
1018,26.6388067724,Female,1,img_1018.bmp,train
1019,22.4823972051,Female,1,img_1019.bmp,train
1020,35.2584876543,Male,1,img_1020.bmp,train
1021,24.4097222222,Male,1,img_1021.bmp,train
1022,31.2444444444,Male,1,img_1022.bmp,test
1023,26.2453333333,Male,1,img_1023.bmp,train
1024,40.8243243243,Male,1,img_1024.bmp,train
1025,36.2027027027,Male,1,img_1025.bmp,test
1026,34.1668319778,Female,1,img_1026.bmp,train
1027,29.8436818092,Female,1,img_1027.bmp,val
1028,41.8369371157,Male,1,img_1028.bmp,train
1029,27.8912914104,Male,1,img_1029.bmp,val
1030,28.2067901235,Male,1,img_1030.bmp,train
1031,27.1219135802,Male,1,img_1031.bmp,train
1032,40.2887110727,Female,1,img_1032.bmp,train
1033,25.0854238754,Female,1,img_1033.bmp,train
1034,28.0550304558,Male,1,img_1034.bmp,test
1035,25.8401596303,Male,1,img_1035.bmp,test
1038,45.1537629758,Male,1,img_1038.bmp,train
1039,25.3894896194,Male,1,img_1039.bmp,train
1040,29.3723599633,Male,1,img_1040.bmp,train
1041,27.4357208448,Male,1,img_1041.bmp,train
1042,40.8951022706,Male,1,img_1042.bmp,test
1043,31.0011259148,Male,1,img_1043.bmp,train
1044,29.0495867769,Female,1,img_1044.bmp,test
1045,24.5307621671,Female,1,img_1045.bmp,train
1046,38.3505256893,Male,1,img_1046.bmp,train
1047,35.2824836342,Male,1,img_1047.bmp,train
1048,52.1082754738,Male,1,img_1048.bmp,val
1049,41.6866203791,Male,1,img_1049.bmp,train
1050,32.6324301617,Male,1,img_1050.bmp,train
1051,25.1018693552,Male,1,img_1051.bmp,test
1052,29.267755102,Female,1,img_1052.bmp,test
1053,22.9551020408,Female,1,img_1053.bmp,train
1054,36.8021831143,Female,1,img_1054.bmp,train
1055,26.6228558699,Female,1,img_1055.bmp,train
1056,33.0511803214,Male,1,img_1056.bmp,train
1057,31.5171592938,Male,1,img_1057.bmp,test
1058,35.5405555556,Female,1,img_1058.bmp,train
1059,32.8066666667,Female,1,img_1059.bmp,train
1060,30.7024489796,Male,1,img_1060.bmp,train
1061,24.9636734694,Male,1,img_1061.bmp,test
1062,47.2416,Male,1,img_1062.bmp,train
1063,39.2430222222,Male,1,img_1063.bmp,train
1064,29.9831382662,Male,1,img_1064.bmp,train
1065,24.2654235271,Male,1,img_1065.bmp,train
1066,41.19140625,Female,1,img_1066.bmp,val
1067,38.6169433594,Female,1,img_1067.bmp,train
1068,63.9090909091,Female,1,img_1068.bmp,test
1069,44.7040863177,Female,1,img_1069.bmp,train
1071,23.1081081081,Male,1,img_1071.bmp,test
1072,30.6804205515,Male,1,img_1072.bmp,test
1073,27.8912914104,Male,1,img_1073.bmp,train
1074,44.1809210526,Male,1,img_1074.bmp,train
1075,29.8190789474,Male,1,img_1075.bmp,train
1076,36.9756738988,Male,1,img_1076.bmp,test
1077,26.5762656147,Male,1,img_1077.bmp,train
1078,47.1248852158,Female,1,img_1078.bmp,train
1079,31.6317722681,Female,1,img_1079.bmp,train
1080,37.1189164371,Female,1,img_1080.bmp,test
1081,30.6634527089,Female,1,img_1081.bmp,test
1082,33.084251607,Female,1,img_1082.bmp,train
1083,26.790174472,Female,1,img_1083.bmp,train
1084,38.9473684211,Male,1,img_1084.bmp,train
1085,32.8618421053,Male,1,img_1085.bmp,train
1086,38.1182222222,Male,1,img_1086.bmp,test
1087,27.4951111111,Male,1,img_1087.bmp,train
1088,42.9611111111,Female,1,img_1088.bmp,test
1089,31.2444444444,Female,1,img_1089.bmp,train
1090,42.8738975418,Male,1,img_1090.bmp,train
1091,36.2779133046,Male,1,img_1091.bmp,train
1092,48.860770773,Female,1,img_1092.bmp,train
1093,30.0681666295,Female,1,img_1093.bmp,train
1094,32.1884030775,Male,1,img_1094.bmp,train
1095,28.8904109589,Male,1,img_1095.bmp,test
1096,39.3267746914,Male,1,img_1096.bmp,train
1097,33.2243441358,Male,1,img_1097.bmp,train
1098,24.4429327286,Female,1,img_1098.bmp,val
1100,37.1013513514,Male,1,img_1100.bmp,train
1101,25.5472972973,Male,1,img_1101.bmp,train
1102,36.0140739351,Male,1,img_1102.bmp,train
1103,25.0647401013,Male,1,img_1103.bmp,train
1104,34.4054054054,Male,1,img_1104.bmp,train
1105,28.3716216216,Male,1,img_1105.bmp,train
1106,41.5346679688,Female,1,img_1106.bmp,train
1107,35.0126953125,Female,1,img_1107.bmp,train
1108,40.6177777778,Male,1,img_1108.bmp,train
1109,23.7457777778,Male,1,img_1109.bmp,train
1110,24.1385030864,Male,1,img_1110.bmp,train
1111,23.7316743827,Male,1,img_1111.bmp,train
1112,40.7212854592,Male,1,img_1112.bmp,test
1113,28.1702043245,Male,1,img_1113.bmp,test
1114,37.2719982179,Female,1,img_1114.bmp,train
1115,32.573847182,Female,1,img_1115.bmp,train
1116,47.5494276795,Female,1,img_1116.bmp,train
1117,41.1485431842,Female,1,img_1117.bmp,train
1118,44.2090835797,Female,1,img_1118.bmp,train
1119,40.8083848428,Female,1,img_1119.bmp,train
1120,31.6317722681,Female,1,img_1120.bmp,test
1122,56.5269387755,Male,1,img_1122.bmp,train
1123,37.0151020408,Male,1,img_1123.bmp,train
1124,78.9081632653,Male,1,img_1124.bmp,test
1125,48.2057142857,Male,1,img_1125.bmp,train
1126,24.4097222222,Male,1,img_1126.bmp,val
1128,40.8243243243,Male,1,img_1128.bmp,val
1129,33.1216216216,Male,1,img_1129.bmp,train
1130,24.2079889807,Female,1,img_1130.bmp,train
1131,20.9802571166,Female,1,img_1131.bmp,train
1132,41.5346679688,Female,1,img_1132.bmp,test
1133,34.6694335938,Female,1,img_1133.bmp,train
1134,42.2408267906,Male,1,img_1134.bmp,train
1135,33.7926614325,Male,1,img_1135.bmp,val
1136,31.0011259148,Male,1,img_1136.bmp,train
1137,24.1413023081,Male,1,img_1137.bmp,train
1138,34.7476586889,Female,1,img_1138.bmp,train
1139,30.1755983351,Female,1,img_1139.bmp,train
1140,46.0206308272,Male,1,img_1140.bmp,train
1141,27.0545526681,Male,1,img_1141.bmp,train
1142,31.7960722079,Male,1,img_1142.bmp,train
1143,28.3096607816,Male,1,img_1143.bmp,train
1144,38.0082179931,Female,1,img_1144.bmp,train
1145,29.7984429066,Female,1,img_1145.bmp,train
1146,31.7067346939,Male,1,img_1146.bmp,train
1147,29.6981632653,Male,1,img_1147.bmp,test
1148,38.1020507812,Female,1,img_1148.bmp,train
1149,30.0354003906,Female,1,img_1149.bmp,train
1150,28.7716962525,Male,1,img_1150.bmp,test
1151,23.6875410914,Male,1,img_1151.bmp,train
1152,29.0382785467,Male,1,img_1152.bmp,test
1153,25.8455882353,Male,1,img_1153.bmp,train
1154,41.3191836735,Male,1,img_1154.bmp,train
1155,34.576122449,Male,1,img_1155.bmp,train
1156,40.4423725451,Male,1,img_1156.bmp,test
1157,27.8912914104,Male,1,img_1157.bmp,train
1158,44.1930943892,Male,1,img_1158.bmp,val
1159,39.5759054232,Male,1,img_1159.bmp,train
1160,56.24,Male,1,img_1160.bmp,test
1161,32.4942222222,Male,1,img_1161.bmp,train
1162,37.7644628099,Female,1,img_1162.bmp,train
1163,32.1159320478,Female,1,img_1163.bmp,train
1165,23.8852157943,Female,1,img_1165.bmp,val
1166,26.7577854671,Male,1,img_1166.bmp,train
1167,25.9976211073,Male,1,img_1167.bmp,train
1168,28.2863905325,Female,1,img_1168.bmp,train
1169,19.9668639053,Female,1,img_1169.bmp,train
1170,33.4695496925,Male,1,img_1170.bmp,val
1171,26.4967268399,Male,1,img_1171.bmp,test
1174,40.6177777778,Male,1,img_1174.bmp,train
1175,30.1196444444,Male,1,img_1175.bmp,train
1176,47.8231292517,Female,1,img_1176.bmp,train
1177,34.5389266818,Female,1,img_1177.bmp,train
1178,39.1512586322,Female,1,img_1178.bmp,val
1179,32.2606371129,Female,1,img_1179.bmp,train
1180,47.4671052632,Male,1,img_1180.bmp,train
1181,41.3815789474,Male,1,img_1181.bmp,train
1182,44.9456449098,Female,1,img_1182.bmp,test
1183,36.8021831143,Female,1,img_1183.bmp,train
1184,32.8480015012,Female,1,img_1184.bmp,train
1185,24.6689810471,Female,1,img_1185.bmp,train
1186,32.2806122449,Male,1,img_1186.bmp,train
1187,21.5204081633,Male,1,img_1187.bmp,train
1188,23.7747138398,Female,1,img_1188.bmp,train
1189,20.1170655567,Female,1,img_1189.bmp,train
1190,28.3391561408,Female,1,img_1190.bmp,train
1191,21.1599032518,Female,1,img_1191.bmp,train
1192,40.024003174,Male,1,img_1192.bmp,val
1193,29.8436818092,Male,1,img_1193.bmp,train
1194,38.616349481,Female,1,img_1194.bmp,test
1195,30.7106401384,Female,1,img_1195.bmp,train
1196,28.4780092593,Male,1,img_1196.bmp,train
1197,26.4438657407,Male,1,img_1197.bmp,test
1198,25.1071428571,Male,1,img_1198.bmp,train
1199,22.237755102,Male,1,img_1199.bmp,train
1200,45.1389160156,Female,1,img_1200.bmp,train
1201,41.7062988281,Female,1,img_1201.bmp,train
1202,31.3777028367,Male,1,img_1202.bmp,train
1203,24.4048799841,Male,1,img_1203.bmp,train
1204,42.3752777778,Female,1,img_1204.bmp,train
1205,22.8475,Female,1,img_1205.bmp,train
1206,32.9932432432,Male,1,img_1206.bmp,train
1207,26.5743243243,Male,1,img_1207.bmp,train
1208,33.891184573,Female,1,img_1208.bmp,train
1209,21.7871900826,Female,1,img_1209.bmp,test
1210,40.3466483012,Female,1,img_1210.bmp,train
1211,23.8852157943,Female,1,img_1211.bmp,train
1212,40.1001183432,Female,1,img_1212.bmp,train
1213,35.6075739645,Female,1,img_1213.bmp,train
1214,30.5409640944,Male,1,img_1214.bmp,train
1215,28.1702043245,Male,1,img_1215.bmp,test
1216,29.1903114187,Female,1,img_1216.bmp,train
1217,22.9569636678,Female,1,img_1217.bmp,test
1218,30.4065743945,Female,1,img_1218.bmp,test
1219,25.8455882353,Female,1,img_1219.bmp,val
1220,49.3305858766,Female,1,img_1220.bmp,train
1221,37.2719982179,Female,1,img_1221.bmp,train
1222,27.7518349534,Male,1,img_1222.bmp,test
1223,23.5681412418,Male,1,img_1223.bmp,train
1224,30.5121527778,Male,1,img_1224.bmp,train
1225,24.8165509259,Male,1,img_1225.bmp,train
1226,35.8201840894,Male,1,img_1226.bmp,train
1227,25.4207758054,Male,1,img_1227.bmp,train
1228,28.3190917969,Female,1,img_1228.bmp,train
1229,25.5729980469,Female,1,img_1229.bmp,val
1230,44.5888534434,Male,1,img_1230.bmp,test
1231,34.8267967724,Male,1,img_1231.bmp,train
1232,32.2806122449,Male,1,img_1232.bmp,train
1233,24.8202040816,Male,1,img_1233.bmp,train
1234,33.9023919753,Male,1,img_1234.bmp,test
1235,23.7316743827,Male,1,img_1235.bmp,test
1236,24.36357908,Male,1,img_1236.bmp,test
1237,21.4104179794,Male,1,img_1237.bmp,train
1238,28.2067901235,Male,1,img_1238.bmp,val
1239,26.4438657407,Male,1,img_1239.bmp,train
1240,41.8369371157,Male,1,img_1240.bmp,train
1241,25.1021622694,Male,1,img_1241.bmp,train
1242,38.9163069994,Male,1,img_1242.bmp,train
1243,31.6607243385,Male,1,img_1243.bmp,train
1244,32.9448223734,Female,1,img_1244.bmp,train
1245,30.8193499622,Female,1,img_1245.bmp,train
1246,28.1889062152,Female,1,img_1246.bmp,test
1247,24.273780352,Female,1,img_1247.bmp,test
1248,42.4781384875,Male,1,img_1248.bmp,train
1249,34.9587164571,Male,1,img_1249.bmp,train
1250,36.1542857143,Female,1,img_1250.bmp,test
1251,31.1328571429,Female,1,img_1251.bmp,train
1252,33.4680175781,Female,1,img_1252.bmp,train
1253,24.8864746094,Female,1,img_1253.bmp,train
1254,32.0945945946,Male,1,img_1254.bmp,train
1255,21.8243243243,Male,1,img_1255.bmp,test
1256,34.4531075963,Female,1,img_1256.bmp,train
1257,26.6228558699,Female,1,img_1257.bmp,train
1258,61.9587402344,Female,1,img_1258.bmp,train
1259,46.5119628906,Female,1,img_1259.bmp,train
1260,33.6395196097,Male,1,img_1260.bmp,train
1261,25.0647401013,Male,1,img_1261.bmp,train
1262,39.1671428571,Male,1,img_1262.bmp,train
1263,31.9936734694,Male,1,img_1263.bmp,train
1264,26.3983673469,Male,1,img_1264.bmp,test
1265,24.5332653061,Male,1,img_1265.bmp,val
1266,38.9204152249,Male,1,img_1266.bmp,train
1267,26.6057525952,Male,1,img_1267.bmp,train
1268,35.896264445,Female,1,img_1268.bmp,val
1269,24.5606019887,Female,1,img_1269.bmp,test
1270,52.4130177515,Female,1,img_1270.bmp,train
1271,39.9337278107,Female,1,img_1271.bmp,train
1272,39.9342838049,Female,1,img_1272.bmp,train
1273,32.1040320784,Female,1,img_1273.bmp,train
1274,29.9831382662,Male,1,img_1274.bmp,test
1275,26.0783574688,Male,1,img_1275.bmp,train
1276,29.950295858,Female,1,img_1276.bmp,test
1277,20.798816568,Female,1,img_1277.bmp,train
1278,39.6805795848,Male,1,img_1278.bmp,val
1279,30.2545415225,Male,1,img_1279.bmp,train
1280,48.8194444444,Male,1,img_1280.bmp,train
1281,38.0791666667,Male,1,img_1281.bmp,test
1282,39.5397153352,Female,1,img_1282.bmp,train
1283,28.7268135904,Female,1,img_1283.bmp,train
1284,36.3101536911,Female,1,img_1284.bmp,train
1285,24.2658100277,Female,1,img_1285.bmp,test
1286,31.7067346939,Male,1,img_1286.bmp,train
1287,25.2506122449,Male,1,img_1287.bmp,train
1288,29.6464100346,Male,1,img_1288.bmp,test
1289,26.3016868512,Male,1,img_1289.bmp,test
1290,36.4878892734,Male,1,img_1290.bmp,train
1291,25.8455882353,Male,1,img_1291.bmp,train
1292,53.8951900861,Male,1,img_1292.bmp,train
1293,46.5122873346,Male,1,img_1293.bmp,train
1294,36.2779133046,Male,1,img_1294.bmp,val
1295,24.4051416776,Male,1,img_1295.bmp,test
1296,45.1882460973,Female,1,img_1296.bmp,train
1297,33.084251607,Female,1,img_1297.bmp,train
1298,41.3529411765,Male,1,img_1298.bmp,train
1299,30.4065743945,Male,1,img_1299.bmp,val
1302,44.9891660368,Female,1,img_1302.bmp,train
1303,28.1625094482,Female,1,img_1303.bmp,train
1304,38.9669942051,Female,1,img_1304.bmp,train
1305,21.2547241119,Female,1,img_1305.bmp,val
1306,36.6059171598,Male,1,img_1306.bmp,train
1307,29.950295858,Male,1,img_1307.bmp,train
1308,40.992194674,Female,1,img_1308.bmp,train
1309,23.0782828283,Female,1,img_1309.bmp,train
1310,36.2779133046,Male,1,img_1310.bmp,train
1311,27.0435353725,Male,1,img_1311.bmp,train
1312,37.1189164371,Male,1,img_1312.bmp,train
1313,26.6287878788,Male,1,img_1313.bmp,test
1314,34.4326530612,Male,1,img_1314.bmp,train
1315,26.972244898,Male,1,img_1315.bmp,train
1316,33.7153061224,Female,1,img_1316.bmp,test
1317,25.8244897959,Female,1,img_1317.bmp,test
1318,51.3513513514,Male,1,img_1318.bmp,train
1319,28.2432432432,Male,1,img_1319.bmp,test
1320,22.8643350412,Male,1,img_1320.bmp,train
1321,20.3586544888,Male,1,img_1321.bmp,train
1322,47.4910865078,Male,1,img_1322.bmp,train
1323,36.9375117283,Male,1,img_1323.bmp,train
1328,40.3466483012,Female,1,img_1328.bmp,test
1329,25.8218549128,Female,1,img_1329.bmp,test
1330,47.2947204277,Female,1,img_1330.bmp,train
1331,33.6700824237,Female,1,img_1331.bmp,train
1332,40.7173089775,Male,1,img_1332.bmp,train
1333,27.7190911116,Male,1,img_1333.bmp,val
1334,37.3020408163,Male,1,img_1334.bmp,train
1335,31.5632653061,Male,1,img_1335.bmp,train
1336,23.6724489796,Male,1,img_1336.bmp,test
1337,21.5204081633,Male,1,img_1337.bmp,train
1338,30.6804205515,Male,1,img_1338.bmp,test
1339,23.7075976989,Male,1,img_1339.bmp,train
1340,43.5743801653,Male,1,img_1340.bmp,val
1341,27.4357208448,Male,1,img_1341.bmp,test
1342,36.8415217939,Female,1,img_1342.bmp,val
1343,30.9964726631,Female,1,img_1343.bmp,train
1344,40.0540540541,Male,1,img_1344.bmp,train
1345,27.6013513514,Male,1,img_1345.bmp,train
1346,38.3681777778,Male,1,img_1346.bmp,train
1347,30.3696,Male,1,img_1347.bmp,train
1348,45.0565019396,Male,1,img_1348.bmp,train
1349,29.6424354866,Male,1,img_1349.bmp,test
1350,30.9964726631,Female,1,img_1350.bmp,test
1351,23.9115646259,Female,1,img_1351.bmp,train
1352,30.6804205515,Male,1,img_1352.bmp,val
1353,23.7075976989,Male,1,img_1353.bmp,val
1354,43.8917793965,Female,1,img_1354.bmp,train
1355,32.9188345473,Female,1,img_1355.bmp,train
1356,25.4375,Male,1,img_1356.bmp,train
1357,22.7598684211,Male,1,img_1357.bmp,test
1358,27.9765306122,Male,1,img_1358.bmp,test
1359,23.5289795918,Male,1,img_1359.bmp,test
1360,58.2366863905,Female,1,img_1360.bmp,train
1361,34.6092307692,Female,1,img_1361.bmp,train
1362,35.236132769,Male,1,img_1362.bmp,train
1363,25.8398306973,Male,1,img_1363.bmp,train
1364,35.5050505051,Female,1,img_1364.bmp,test
1365,26.4674012856,Female,1,img_1365.bmp,train
1366,38.3682334596,Male,1,img_1366.bmp,test
1367,28.9719313878,Male,1,img_1367.bmp,train
1368,46.9634986226,Female,1,img_1368.bmp,train
1369,31.4703856749,Female,1,img_1369.bmp,train
1370,37.5852082869,Male,1,img_1370.bmp,train
1371,29.7549565605,Male,1,img_1371.bmp,train
1372,32.277318641,Female,1,img_1372.bmp,train
1373,25.8218549128,Female,1,img_1373.bmp,train
1374,43.0067567568,Male,1,img_1374.bmp,train
1375,28.6283783784,Male,1,img_1375.bmp,train
1376,48.8097599683,Male,1,img_1376.bmp,train
1377,41.6974806586,Male,1,img_1377.bmp,train
1378,25.6035379813,Female,1,img_1378.bmp,train
1379,21.7630072841,Female,1,img_1379.bmp,train
1380,25.1021622694,Male,1,img_1380.bmp,train
1381,22.5919460425,Male,1,img_1381.bmp,train
1382,36.7961432507,Female,1,img_1382.bmp,train
1383,31.9545454545,Female,1,img_1383.bmp,train
1384,32.0945945946,Male,1,img_1384.bmp,val
1385,27.472972973,Male,1,img_1385.bmp,val
1386,37.2348740329,Male,1,img_1386.bmp,train
1387,27.7518349534,Male,1,img_1387.bmp,train
1388,51.2482840237,Female,1,img_1388.bmp,train
1389,45.2582248521,Female,1,img_1389.bmp,test
1390,38.9669942051,Female,1,img_1390.bmp,train
1391,27.4540186445,Female,1,img_1391.bmp,test
1392,36.541752674,Male,1,img_1392.bmp,train
1393,33.7714392944,Male,1,img_1393.bmp,test
1394,31.9545454545,Female,1,img_1394.bmp,train
1395,28.7268135904,Female,1,img_1395.bmp,test
1396,28.3503465658,Female,1,img_1396.bmp,train
1397,24.6588951901,Female,1,img_1397.bmp,train
1398,32.4847721067,Male,1,img_1398.bmp,test
1399,25.8401596303,Male,1,img_1399.bmp,train
1400,33.7484626066,Male,1,img_1400.bmp,train
1401,22.7314024995,Male,1,img_1401.bmp,train
1402,36.9756738988,Male,1,img_1402.bmp,train
1403,21.9543063774,Male,1,img_1403.bmp,train
1404,37.346875,Male,1,img_1404.bmp,test
1405,24.71484375,Male,1,img_1405.bmp,test
1406,55.9079973268,Female,1,img_1406.bmp,train
1407,46.5116952551,Female,1,img_1407.bmp,test
1408,26.6228558699,Male,1,img_1408.bmp,val
1409,24.9002004901,Male,1,img_1409.bmp,train
1410,50.0298438935,Male,1,img_1410.bmp,val
1411,20.1733241506,Male,1,img_1411.bmp,train
1412,25.9878176854,Female,1,img_1412.bmp,train
1413,22.1487082546,Female,1,img_1413.bmp,test
1414,39.9342838049,Male,1,img_1414.bmp,train
1415,32.8870572511,Male,1,img_1415.bmp,train
1416,40.1644736842,Male,1,img_1416.bmp,train
1417,29.4539473684,Male,1,img_1417.bmp,train
1418,39.3106122449,Male,1,img_1418.bmp,train
1419,32.5675510204,Male,1,img_1419.bmp,test
1420,44.6240234375,Female,1,img_1420.bmp,train
1421,32.4382324219,Female,1,img_1421.bmp,test
1422,28.0550304558,Male,1,img_1422.bmp,train
1423,25.5448435203,Male,1,img_1423.bmp,test
1424,36.2779133046,Male,1,img_1424.bmp,train
1425,27.0435353725,Male,1,img_1425.bmp,test
1426,36.8716326531,Male,1,img_1426.bmp,train
1427,32.2806122449,Male,1,img_1427.bmp,train
1428,30.6158579882,Female,1,img_1428.bmp,train
1429,27.4544378698,Female,1,img_1429.bmp,train
1430,31.5632653061,Male,1,img_1430.bmp,train
1431,21.5204081633,Male,1,img_1431.bmp,train
1432,37.5534188034,Male,1,img_1432.bmp,train
1433,22.8786982249,Male,1,img_1433.bmp,train
1434,33.4472318339,Female,1,img_1434.bmp,train
1435,28.8862456747,Female,1,img_1435.bmp,test
1436,36.2779133046,Male,1,img_1436.bmp,test
1437,26.3839369488,Male,1,img_1437.bmp,train
1438,31.6142011834,Female,1,img_1438.bmp,test
1439,25.6241420118,Female,1,img_1439.bmp,train
1440,31.0081915564,Male,1,img_1440.bmp,train
1441,25.1018693552,Male,1,img_1441.bmp,train
1442,44.925443787,Female,1,img_1442.bmp,train
1443,34.6092307692,Female,1,img_1443.bmp,train
1444,46.8076034447,Female,1,img_1444.bmp,test
1445,25.9878176854,Female,1,img_1445.bmp,train
1446,38.0082179931,Female,1,img_1446.bmp,train
1447,24.6293252595,Female,1,img_1447.bmp,train
1448,41.8675555556,Male,1,img_1448.bmp,val
1449,24.7456,Male,1,img_1449.bmp,train
1450,32.5462962963,Male,1,img_1450.bmp,test
1451,25.3589891975,Male,1,img_1451.bmp,test
1452,31.7908220094,Male,1,img_1452.bmp,val
1453,29.598351526,Male,1,img_1453.bmp,train
1454,30.4734471758,Male,1,img_1454.bmp,train
1455,20.3156314506,Male,1,img_1455.bmp,test
1456,45.5743243243,Male,1,img_1456.bmp,val
1457,25.6756756757,Male,1,img_1457.bmp,train
1458,44.7511574074,Male,1,img_1458.bmp,train
1459,33.2243441358,Male,1,img_1459.bmp,train
1460,29.9946666667,Male,1,img_1460.bmp,train
1461,28.12,Male,1,img_1461.bmp,train
1462,22.3488321799,Female,1,img_1462.bmp,test
1463,19.7642733564,Female,1,img_1463.bmp,train
1464,33.4955632716,Male,1,img_1464.bmp,val
1465,28.4780092593,Male,1,img_1465.bmp,train
1466,32.9188345473,Female,1,img_1466.bmp,train
1467,25.237773153,Female,1,img_1467.bmp,train
1468,36.3358564014,Female,1,img_1468.bmp,train
1469,26.9098183391,Female,1,img_1469.bmp,val
1470,32.2532894737,Male,1,img_1470.bmp,train
1471,26.7763157895,Male,1,img_1471.bmp,train
1474,38.5135135135,Male,1,img_1474.bmp,train
1475,23.6216216216,Male,1,img_1475.bmp,train
1476,26.936065939,Female,1,img_1476.bmp,train
1477,19.8888393852,Female,1,img_1477.bmp,train
1478,36.1762234825,Female,1,img_1478.bmp,test
1479,21.4104179794,Female,1,img_1479.bmp,train
1480,32.0044224766,Female,1,img_1480.bmp,train
1481,22.4945369407,Female,1,img_1481.bmp,train
1482,28.7584912742,Male,1,img_1482.bmp,train
1483,25.1966597861,Male,1,img_1483.bmp,train
1484,27.517949827,Male,1,img_1484.bmp,train
1485,23.2610294118,Male,1,img_1485.bmp,train
1486,40.1644736842,Male,1,img_1486.bmp,test
1487,29.0888157895,Male,1,img_1487.bmp,train
1488,25.9389010117,Male,1,img_1488.bmp,train
1489,24.2654235271,Male,1,img_1489.bmp,train
1490,36.1762234825,Female,1,img_1490.bmp,val
1491,17.7189666037,Female,1,img_1491.bmp,val
1492,39.8624885216,Female,1,img_1492.bmp,test
1493,30.1792929293,Female,1,img_1493.bmp,train
1494,33.2781065089,Male,1,img_1494.bmp,train
1495,29.1183431953,Male,1,img_1495.bmp,train
1496,31.7464818315,Male,1,img_1496.bmp,train
1497,27.4643982357,Male,1,img_1497.bmp,train
1498,34.309220679,Male,1,img_1498.bmp,train
1499,24.8165509259,Male,1,img_1499.bmp,train
1500,29.5316110061,Male,1,img_1500.bmp,train
1501,24.36357908,Male,1,img_1501.bmp,train
1502,39.1554054054,Male,1,img_1502.bmp,train
1503,34.9189189189,Male,1,img_1503.bmp,train
1504,51.6437098255,Female,1,img_1504.bmp,train
1505,35.5050505051,Female,1,img_1505.bmp,train
1506,36.4733700643,Female,1,img_1506.bmp,val
1507,30.0179063361,Female,1,img_1507.bmp,train
1508,36.2586788336,Male,1,img_1508.bmp,train
1509,27.8912914104,Male,1,img_1509.bmp,test
1510,34.0202702703,Male,1,img_1510.bmp,train
1511,26.3175675676,Male,1,img_1511.bmp,train
1512,25.2134105591,Female,1,img_1512.bmp,train
1513,21.924704834,Female,1,img_1513.bmp,train
1514,27.1176757812,Female,1,img_1514.bmp,train
1515,23.6850585938,Female,1,img_1515.bmp,train
1516,25.7243385251,Male,1,img_1516.bmp,train
1517,23.0859448302,Male,1,img_1517.bmp,train
1518,32.6819058642,Male,1,img_1518.bmp,train
1519,28.4780092593,Male,1,img_1519.bmp,val
1520,25.8401596303,Male,1,img_1520.bmp,train
1521,24.36357908,Male,1,img_1521.bmp,train
1522,34.1457142857,Male,1,img_1522.bmp,val
1523,26.2548979592,Male,1,img_1523.bmp,train
1526,44.7040863177,Female,1,img_1526.bmp,val
1527,30.6634527089,Female,1,img_1527.bmp,train
1528,40.2887110727,Male,1,img_1528.bmp,train
1529,26.6057525952,Male,1,img_1529.bmp,train
1530,36.9145137576,Male,1,img_1530.bmp,val
1531,24.36357908,Male,1,img_1531.bmp,train
1532,33.961352657,Male,1,img_1532.bmp,val
1533,24.5112371351,Male,1,img_1533.bmp,train
1534,39.1512586322,Female,1,img_1534.bmp,train
1535,34.7663176654,Female,1,img_1535.bmp,train
1536,38.464316609,Male,1,img_1536.bmp,train
1537,27.669982699,Male,1,img_1537.bmp,train
1538,34.4531075963,Male,1,img_1538.bmp,train
1539,23.3341501448,Male,1,img_1539.bmp,train
1540,39.9928888889,Male,1,img_1540.bmp,train
1541,27.4951111111,Male,1,img_1541.bmp,train
1542,43.5743801653,Female,1,img_1542.bmp,train
1543,27.4357208448,Female,1,img_1543.bmp,train
1544,37.9304199219,Female,1,img_1544.bmp,train
1545,30.7219238281,Female,1,img_1545.bmp,test
1546,32.5462962963,Male,1,img_1546.bmp,train
1547,23.7316743827,Male,1,img_1547.bmp,train
1548,38.6487268519,Male,1,img_1548.bmp,train
1549,33.2243441358,Male,1,img_1549.bmp,train
1550,42.9077148438,Female,1,img_1550.bmp,train
1551,27.4609375,Female,1,img_1551.bmp,test
1552,28.1889062152,Male,1,img_1552.bmp,train
1553,23.4907551793,Male,1,img_1553.bmp,test
1554,28.0550304558,Male,1,img_1554.bmp,test
1555,19.9338374291,Male,1,img_1555.bmp,train
1556,37.8716216216,Male,1,img_1556.bmp,train
1557,27.6013513514,Male,1,img_1557.bmp,train
1558,44.6240234375,Female,1,img_1558.bmp,val
1559,28.3190917969,Female,1,img_1559.bmp,test
1560,34.1100591716,Female,1,img_1560.bmp,train
1561,29.1183431953,Female,1,img_1561.bmp,test
1562,32.6098632812,Female,1,img_1562.bmp,train
1563,24.8864746094,Female,1,img_1563.bmp,train
1564,40.2341311134,Female,1,img_1564.bmp,train
1565,32.0044224766,Female,1,img_1565.bmp,train
1566,40.8481445312,Female,1,img_1566.bmp,train
1567,30.0354003906,Female,1,img_1567.bmp,val
1568,32.0789359862,Female,1,img_1568.bmp,val
1569,20.5244377163,Female,1,img_1569.bmp,train
1570,32.9979591837,Male,1,img_1570.bmp,test
1571,22.9551020408,Male,1,img_1571.bmp,train
1572,38.616349481,Female,1,img_1572.bmp,test
1573,29.4943771626,Female,1,img_1573.bmp,test
1574,31.9269031142,Female,1,img_1574.bmp,test
1575,26.3016868512,Female,1,img_1575.bmp,train
1576,31.6228373702,Female,1,img_1576.bmp,test
1577,24.0211937716,Female,1,img_1577.bmp,test
1578,39.6805795848,Male,1,img_1578.bmp,test
1579,29.0382785467,Male,1,img_1579.bmp,train
1580,30.6804205515,Male,1,img_1580.bmp,test
1581,23.7075976989,Male,1,img_1581.bmp,val
1582,34.2764497041,Female,1,img_1582.bmp,train
1583,27.6208284024,Female,1,img_1583.bmp,train
1584,33.5183784919,Male,1,img_1584.bmp,train
1585,24.6588951901,Male,1,img_1585.bmp,train
1586,69.7282285261,Male,1,img_1586.bmp,test
1587,56.200952192,Male,1,img_1587.bmp,train
1588,33.9939555556,Male,1,img_1588.bmp,train
1589,26.9952,Male,1,img_1589.bmp,train
1590,26.7763157895,Male,1,img_1590.bmp,test
1591,19.4736842105,Male,1,img_1591.bmp,test
1592,32.3830017301,Female,1,img_1592.bmp,train
1593,22.5008650519,Female,1,img_1593.bmp,val
1594,49.3250126497,Male,1,img_1594.bmp,val
1595,33.9109461967,Male,1,img_1595.bmp,test
1596,33.3783783784,Male,1,img_1596.bmp,test
1597,25.9324324324,Male,1,img_1597.bmp,train
1598,31.8502040816,Male,1,img_1598.bmp,test
1599,25.5375510204,Male,1,img_1599.bmp,test
1600,31.6142011834,Female,1,img_1600.bmp,train
1601,21.6307692308,Female,1,img_1601.bmp,train
1602,27.4323621228,Female,1,img_1602.bmp,test
1603,22.1287721124,Female,1,img_1603.bmp,train
1604,28.7933207309,Male,1,img_1604.bmp,train
1605,27.1690821256,Male,1,img_1605.bmp,train
1606,41.606122449,Male,1,img_1606.bmp,val
1607,33.7153061224,Male,1,img_1607.bmp,test
1608,36.3310810811,Male,1,img_1608.bmp,val
1609,26.9594594595,Male,1,img_1609.bmp,val
1610,29.2867262608,Male,1,img_1610.bmp,test
1611,25.8482037443,Male,1,img_1611.bmp,val
1614,40.1714285714,Male,1,img_1614.bmp,train
1615,27.2591836735,Male,1,img_1615.bmp,val
1616,33.2963867188,Female,1,img_1616.bmp,train
1617,24.5432128906,Female,1,img_1617.bmp,test
1620,39.5026014568,Female,1,img_1620.bmp,train
1621,36.2107180021,Female,1,img_1621.bmp,train
1622,35.4791883455,Female,1,img_1622.bmp,test
1623,33.2845993757,Female,1,img_1623.bmp,test
1624,37.2480536332,Female,1,img_1624.bmp,train
1625,32.991133218,Female,1,img_1625.bmp,train
1626,28.2426538108,Female,1,img_1626.bmp,test
1627,21.9485766758,Female,1,img_1627.bmp,train
1628,37.3574879227,Male,1,img_1628.bmp,test
1629,25.2495274102,Male,1,img_1629.bmp,test
1630,30.4945777778,Male,1,img_1630.bmp,train
1631,25.6204444444,Male,1,img_1631.bmp,train
1632,32.573847182,Female,1,img_1632.bmp,train
1633,26.936065939,Female,1,img_1633.bmp,train
1634,38.7702702703,Male,1,img_1634.bmp,test
1635,32.3513513514,Male,1,img_1635.bmp,train
1636,51.9763557891,Male,1,img_1636.bmp,train
1637,36.6736723588,Male,1,img_1637.bmp,train
1638,30.8459183673,Male,1,img_1638.bmp,train
1639,27.9765306122,Male,1,img_1639.bmp,train
1640,40.6059651334,Male,1,img_1640.bmp,train
1641,24.36357908,Male,1,img_1641.bmp,val
1642,44.0731095679,Male,1,img_1642.bmp,train
1643,26.4438657407,Male,1,img_1643.bmp,train
1644,41.19140625,Female,1,img_1644.bmp,test
1645,28.833984375,Female,1,img_1645.bmp,test
1646,41.19140625,Female,1,img_1646.bmp,test
1647,28.833984375,Female,1,img_1647.bmp,train
1648,59.6873636183,Male,1,img_1648.bmp,train
1649,47.9730212259,Male,1,img_1649.bmp,train
1650,22.9551020408,Male,1,img_1650.bmp,train
1651,22.6681632653,Male,1,img_1651.bmp,train
1652,37.6994598765,Male,1,img_1652.bmp,test
1653,32.5462962963,Male,1,img_1653.bmp,train
1654,44.7511574074,Male,1,img_1654.bmp,train
1655,27.1219135802,Male,1,img_1655.bmp,train
1656,39.9337278107,Female,1,img_1656.bmp,train
1657,29.7839053254,Female,1,img_1657.bmp,train
1658,37.2480536332,Male,1,img_1658.bmp,train
1659,29.6464100346,Male,1,img_1659.bmp,train
1660,31.4557752341,Female,1,img_1660.bmp,test
1661,28.5296566077,Female,1,img_1661.bmp,train
1662,33.14316609,Male,1,img_1662.bmp,train
1663,24.0211937716,Male,1,img_1663.bmp,train
1664,47.2505776097,Male,1,img_1664.bmp,train
1665,31.0081915564,Male,1,img_1665.bmp,train
1666,32.7614784206,Male,1,img_1666.bmp,test
1667,27.2743342516,Male,1,img_1667.bmp,train
1668,33.1414285714,Male,1,img_1668.bmp,train
1669,27.8330612245,Male,1,img_1669.bmp,train
1670,26.9515610652,Male,1,img_1670.bmp,train
1671,23.0782828283,Male,1,img_1671.bmp,test
1672,54.1237024221,Female,1,img_1672.bmp,train
1673,35.8797577855,Female,1,img_1673.bmp,test
1674,57.427843524,Male,1,img_1674.bmp,train
1675,28.5405982906,Male,1,img_1675.bmp,train
1676,32.3538980361,Female,1,img_1676.bmp,test
1677,23.986510613,Female,1,img_1677.bmp,train
1678,36.9559611188,Male,1,img_1678.bmp,train
1679,28.5885736957,Male,1,img_1679.bmp,val
1680,33.891184573,Male,1,img_1680.bmp,test
1681,24.2079889807,Male,1,img_1681.bmp,val
1682,35.2824836342,Male,1,img_1682.bmp,train
1683,26.0783574688,Male,1,img_1683.bmp,test
1684,48.7271581601,Male,1,img_1684.bmp,val
1685,39.8676748582,Male,1,img_1685.bmp,train
1686,42.0629552549,Female,1,img_1686.bmp,train
1687,36.3936004162,Female,1,img_1687.bmp,train
1688,42.3648648649,Male,1,img_1688.bmp,val
1689,29.527027027,Male,1,img_1689.bmp,train
1690,36.9559611188,Male,1,img_1690.bmp,train
1691,27.7518349534,Male,1,img_1691.bmp,val
1692,28.0550304558,Male,1,img_1692.bmp,train
1693,24.9542113001,Male,1,img_1693.bmp,train
1694,31.7517089844,Female,1,img_1694.bmp,train
1695,27.4609375,Female,1,img_1695.bmp,train
1696,40.8607419163,Male,1,img_1696.bmp,train
1697,32.4933544932,Male,1,img_1697.bmp,train
1698,31.780591716,Female,1,img_1698.bmp,train
1699,27.2880473373,Female,1,img_1699.bmp,test
1700,33.2230623819,Male,1,img_1700.bmp,train
1701,29.236294896,Male,1,img_1701.bmp,train
1702,26.5784499055,Male,1,img_1702.bmp,train
1703,23.1823146398,Male,1,img_1703.bmp,val
1705,22.4327364555,Male,1,img_1705.bmp,train
1706,44.7040863177,Female,1,img_1706.bmp,train
1707,30.1792929293,Female,1,img_1707.bmp,val
1708,28.6019736842,Male,1,img_1708.bmp,train
1709,24.3421052632,Male,1,img_1709.bmp,test
1710,35.7277249135,Male,1,img_1710.bmp,train
1711,33.14316609,Male,1,img_1711.bmp,train
1712,31.7094594595,Male,1,img_1712.bmp,test
1713,24.6486486486,Male,1,img_1713.bmp,train
1714,50.9743652344,Female,1,img_1714.bmp,train
1715,38.4453125,Female,1,img_1715.bmp,train
1716,31.8820861678,Female,1,img_1716.bmp,train
1717,26.5684051398,Female,1,img_1717.bmp,train
1722,36.9145137576,Male,1,img_1722.bmp,train
1723,29.5316110061,Male,1,img_1723.bmp,train
1724,31.4527027027,Male,1,img_1724.bmp,test
1725,25.0337837838,Male,1,img_1725.bmp,train
1726,29.4112244898,Female,1,img_1726.bmp,train
1727,23.3855102041,Female,1,img_1727.bmp,test
1728,31.8820861678,Female,1,img_1728.bmp,train
1729,26.5684051398,Female,1,img_1729.bmp,val
1730,43.0408163265,Male,1,img_1730.bmp,train
1731,39.4540816327,Male,1,img_1731.bmp,train
1732,49.2927631579,Male,1,img_1732.bmp,train
1733,26.0460526316,Male,1,img_1733.bmp,train
1734,33.4695496925,Male,1,img_1734.bmp,test
1735,29.285855981,Male,1,img_1735.bmp,train
1736,29.1772460938,Female,1,img_1736.bmp,train
1737,25.7446289062,Female,1,img_1737.bmp,val
1738,43.8494096681,Female,1,img_1738.bmp,train
1739,32.8870572511,Female,1,img_1739.bmp,train
1740,30.6804205515,Male,1,img_1740.bmp,train
1741,24.4048799841,Male,1,img_1741.bmp,train
1742,33.9023919753,Male,1,img_1742.bmp,train
1743,30.5121527778,Male,1,img_1743.bmp,train
1744,34.1668319778,Male,1,img_1744.bmp,train
1745,25.7994445547,Male,1,img_1745.bmp,train
1746,27.6208284024,Female,1,img_1746.bmp,train
1747,24.459408284,Female,1,img_1747.bmp,train
1748,52.3355263158,Male,1,img_1748.bmp,train
1749,43.6940789474,Male,1,img_1749.bmp,train
1750,32.5462962963,Male,1,img_1750.bmp,train
1751,27.7999614198,Male,1,img_1751.bmp,train
1752,32.277318641,Male,1,img_1752.bmp,test
1753,26.6287878788,Male,1,img_1753.bmp,train
1754,44.1497584541,Female,1,img_1754.bmp,train
1755,35.4379332073,Female,1,img_1755.bmp,train
1756,35.8278236915,Female,1,img_1756.bmp,train
1757,34.0525711662,Female,1,img_1757.bmp,train
1758,28.8153263533,Female,1,img_1758.bmp,train
1759,26.6228558699,Female,1,img_1759.bmp,train
1760,30.1285714286,Male,1,img_1760.bmp,train
1761,25.6810204082,Male,1,img_1761.bmp,train
1762,33.9023919753,Male,1,img_1762.bmp,train
1763,23.0536265432,Male,1,img_1763.bmp,train
1764,39.5759054232,Male,1,img_1764.bmp,test
1765,29.0223306436,Male,1,img_1765.bmp,train
1766,28.0550304558,Male,1,img_1766.bmp,train
1767,18.4572568788,Male,1,img_1767.bmp,train
1768,36.3238815375,Male,1,img_1768.bmp,train
1769,24.9542113001,Male,1,img_1769.bmp,train
1770,35.8673469388,Female,1,img_1770.bmp,train
1771,30.1285714286,Female,1,img_1771.bmp,train
1772,29.1560570988,Male,1,img_1772.bmp,test
1773,25.0877700617,Male,1,img_1773.bmp,train
1774,46.4934210526,Male,1,img_1774.bmp,train
1775,32.0098684211,Male,1,img_1775.bmp,test
1776,41.0488754325,Male,1,img_1776.bmp,train
1777,25.8455882353,Male,1,img_1777.bmp,train
1778,38.3910943079,Female,1,img_1778.bmp,train
1779,34.6996429322,Female,1,img_1779.bmp,val
1780,39.9256756757,Male,1,img_1780.bmp,train
1781,23.75,Male,1,img_1781.bmp,test
1782,24.4048799841,Male,1,img_1782.bmp,train
1783,20.2211862726,Male,1,img_1783.bmp,test
1784,41.5346679688,Female,1,img_1784.bmp,train
1785,36.2141113281,Female,1,img_1785.bmp,train
1786,39.0482266842,Male,1,img_1786.bmp,train
1787,32.452242447,Male,1,img_1787.bmp,test
1788,27.8912914104,Male,1,img_1788.bmp,test
1789,21.6157508431,Male,1,img_1789.bmp,test
1790,32.7722674073,Male,1,img_1790.bmp,test
1791,25.6599880976,Male,1,img_1791.bmp,test
1792,35.5613965483,Male,1,img_1792.bmp,test
1793,25.7994445547,Male,1,img_1793.bmp,train
1794,30.2699012812,Male,1,img_1794.bmp,train
1795,26.2831337954,Male,1,img_1795.bmp,train
1796,30.8459183673,Male,1,img_1796.bmp,train
1797,24.8202040816,Male,1,img_1797.bmp,test
1798,43.5743801653,Female,1,img_1798.bmp,train
1799,27.2743342516,Female,1,img_1799.bmp,train
1800,50.4832374529,Male,1,img_1800.bmp,test
1801,36.3981352906,Male,1,img_1801.bmp,test
1802,38.7431111111,Male,1,img_1802.bmp,train
1803,32.4942222222,Male,1,img_1803.bmp,train
1804,43.8917793965,Female,1,img_1804.bmp,train
1805,21.9458896982,Female,1,img_1805.bmp,train
1806,37.2297297297,Male,1,img_1806.bmp,val
1807,29.527027027,Male,1,img_1807.bmp,train
1808,44.3813131313,Female,1,img_1808.bmp,test
1809,32.277318641,Female,1,img_1809.bmp,train
1810,34.1100591716,Female,1,img_1810.bmp,val
1811,27.4544378698,Female,1,img_1811.bmp,test
1812,35.665316358,Male,1,img_1812.bmp,train
1813,25.9014274691,Male,1,img_1813.bmp,train
1814,29.9831382662,Male,1,img_1814.bmp,train
1815,24.4048799841,Male,1,img_1815.bmp,train
1816,36.6145833333,Male,1,img_1816.bmp,train
1817,26.4438657407,Male,1,img_1817.bmp,train
1818,59.874426079,Female,1,img_1818.bmp,train
1819,48.7387511478,Female,1,img_1819.bmp,val
1820,38.7843364198,Male,1,img_1820.bmp,train
1821,25.4945987654,Male,1,img_1821.bmp,train
1824,27.7518349534,Male,1,img_1824.bmp,train
1825,18.1293394168,Male,1,img_1825.bmp,train
1826,27.8581081081,Male,1,img_1826.bmp,train
1827,24.2635135135,Male,1,img_1827.bmp,train
1828,40.7382212144,Female,1,img_1828.bmp,train
1829,31.8820861678,Female,1,img_1829.bmp,train
1831,32.4847721067,Male,1,img_1831.bmp,train
1832,43.5260145682,Female,1,img_1832.bmp,train
1833,30.7242455775,Female,1,img_1833.bmp,test
1834,37.1957671958,Female,1,img_1834.bmp,train
1835,30.9964726631,Female,1,img_1835.bmp,train
1836,29.0223306436,Female,1,img_1836.bmp,train
1837,24.0093826234,Female,1,img_1837.bmp,train
1838,39.9337278107,Female,1,img_1838.bmp,train
1839,30.7822485207,Female,1,img_1839.bmp,train
1840,38.3886282605,Male,1,img_1840.bmp,train
1841,30.3415274911,Male,1,img_1841.bmp,train
1842,39.6689189189,Male,1,img_1842.bmp,train
1843,26.8310810811,Male,1,img_1843.bmp,train
1844,41.7872295736,Male,1,img_1844.bmp,test
1845,36.7668557026,Male,1,img_1845.bmp,train
1850,37.7432432432,Male,1,img_1850.bmp,train
1851,23.75,Male,1,img_1851.bmp,train
1852,29.4511242604,Male,1,img_1852.bmp,train
1853,24.459408284,Male,1,img_1853.bmp,train
1854,38.616349481,Female,1,img_1854.bmp,train
1855,29.1903114187,Female,1,img_1855.bmp,test
1856,34.9675605536,Male,1,img_1856.bmp,train
1857,25.8455882353,Male,1,img_1857.bmp,val
1858,62.2635135135,Male,1,img_1858.bmp,train
1859,36.5878378378,Male,1,img_1859.bmp,train
1860,33.6311728395,Male,1,img_1860.bmp,train
1861,24.680941358,Male,1,img_1861.bmp,train
1864,37.2719982179,Female,1,img_1864.bmp,train
1865,25.3700155937,Female,1,img_1865.bmp,train
1866,30.2620511803,Male,1,img_1866.bmp,test
1867,23.7075976989,Male,1,img_1867.bmp,train
1868,30.2620511803,Male,1,img_1868.bmp,train
1869,23.7075976989,Male,1,img_1869.bmp,val
1870,30.9893877551,Male,1,img_1870.bmp,train
1871,23.8159183673,Male,1,img_1871.bmp,train
1872,35.15,Male,1,img_1872.bmp,train
1873,25.1071428571,Male,1,img_1873.bmp,test
1874,32.074985122,Male,1,img_1874.bmp,test
1875,24.4048799841,Male,1,img_1875.bmp,train
1876,58.9061065197,Male,1,img_1876.bmp,train
1877,30.9862258953,Male,1,img_1877.bmp,train
1878,28.3455112497,Female,1,img_1878.bmp,train
1879,22.8643350412,Female,1,img_1879.bmp,test
1880,39.1280148423,Male,1,img_1880.bmp,train
1881,25.4924945185,Male,1,img_1881.bmp,train
1882,41.5547006943,Male,1,img_1882.bmp,train
1883,26.3839369488,Male,1,img_1883.bmp,train
1884,30.8459183673,Male,1,img_1884.bmp,train
1885,24.6767346939,Male,1,img_1885.bmp,train
1888,37.8561851211,Male,1,img_1888.bmp,train
1889,32.3830017301,Male,1,img_1889.bmp,train
1890,28.0550304558,Male,1,img_1890.bmp,test
1891,25.5448435203,Male,1,img_1891.bmp,train
1892,34.2991180334,Male,1,img_1892.bmp,train
1893,27.0435353725,Male,1,img_1893.bmp,test
1894,36.3310810811,Male,1,img_1894.bmp,train
1895,26.0608108108,Male,1,img_1895.bmp,val
1896,40.3106490233,Male,1,img_1896.bmp,train
1897,32.4847721067,Male,1,img_1897.bmp,val
1898,25.2416187264,Male,1,img_1898.bmp,val
1899,23.8470541559,Male,1,img_1899.bmp,train
1900,33.6700824237,Male,1,img_1900.bmp,train
1901,25.0568055246,Male,1,img_1901.bmp,val
1902,28.5885736957,Male,1,img_1902.bmp,test
1903,23.7075976989,Male,1,img_1903.bmp,val
1904,33.9023919753,Male,1,img_1904.bmp,train
1905,27.1219135802,Male,1,img_1905.bmp,train
1906,45.9102040816,Male,1,img_1906.bmp,train
1907,30.5589795918,Male,1,img_1907.bmp,test
1908,38.9669942051,Female,1,img_1908.bmp,test
1909,29.9337364575,Female,1,img_1909.bmp,train
1910,32.9117238643,Male,1,img_1910.bmp,train
1911,26.636183297,Male,1,img_1911.bmp,train
1912,34.109010712,Male,1,img_1912.bmp,train
1913,23.0346565848,Male,1,img_1913.bmp,train
1914,33.5075999249,Male,1,img_1914.bmp,train
1915,29.2861700131,Male,1,img_1915.bmp,train
1916,31.4944,Male,1,img_1916.bmp,train
1917,24.3706666667,Male,1,img_1917.bmp,train
1918,37.2926311728,Female,1,img_1918.bmp,train
1919,31.597029321,Female,1,img_1919.bmp,train
1920,36.3119834711,Female,1,img_1920.bmp,train
1921,28.2426538108,Female,1,img_1921.bmp,train
1922,35.6664370983,Female,1,img_1922.bmp,test
1923,29.8565197429,Female,1,img_1923.bmp,val
1924,39.7972972973,Male,1,img_1924.bmp,val
1925,22.8513513514,Male,1,img_1925.bmp,train
1926,29.6819290674,Male,1,img_1926.bmp,train
1927,24.4051416776,Male,1,img_1927.bmp,test
1928,33.3707204369,Female,1,img_1928.bmp,train
1929,24.9542113001,Female,1,img_1929.bmp,val
1930,40.0908888394,Female,1,img_1930.bmp,train
1931,36.3323680107,Female,1,img_1931.bmp,val
1932,34.4531075963,Male,1,img_1932.bmp,train
1933,26.6228558699,Male,1,img_1933.bmp,train
1934,40.2341311134,Female,1,img_1934.bmp,train
1935,27.9810093652,Female,1,img_1935.bmp,train
1936,40.2760416667,Male,1,img_1936.bmp,train
1937,29.8341049383,Male,1,img_1937.bmp,train
1938,34.6646942801,Male,1,img_1938.bmp,train
1939,28.8872452334,Male,1,img_1939.bmp,train
1940,35.6186666667,Male,1,img_1940.bmp,train
1941,24.3706666667,Male,1,img_1941.bmp,train
1942,33.6396484375,Female,1,img_1942.bmp,val
1943,21.6254882812,Female,1,img_1943.bmp,test
1944,43.8018904321,Male,1,img_1944.bmp,test
1945,38.377507716,Male,1,img_1945.bmp,train
1946,46.8666666667,Male,1,img_1946.bmp,test
1947,41.2426666667,Male,1,img_1947.bmp,train
1948,34.9675605536,Male,1,img_1948.bmp,train
1949,21.2846020761,Male,1,img_1949.bmp,train
1950,52.4809027778,Male,1,img_1950.bmp,train
1951,38.9199459877,Male,1,img_1951.bmp,test
1952,35.15,Male,1,img_1952.bmp,train
1953,29.4112244898,Male,1,img_1953.bmp,train
1956,41.722972973,Male,1,img_1956.bmp,train
1957,33.7635135135,Male,1,img_1957.bmp,train
1958,38.312283737,Female,1,img_1958.bmp,train
1959,25.3894896194,Female,1,img_1959.bmp,train
1960,37.9304199219,Female,1,img_1960.bmp,train
1961,25.2297363281,Female,1,img_1961.bmp,train
1962,23.7455432539,Male,1,img_1962.bmp,train
1963,21.107149559,Male,1,img_1963.bmp,train
1964,36.3101536911,Female,1,img_1964.bmp,test
1965,23.9115646259,Female,1,img_1965.bmp,test
1966,34.1668319778,Male,1,img_1966.bmp,train
1967,29.285855981,Male,1,img_1967.bmp,train
1968,31.9936734694,Male,1,img_1968.bmp,test
1969,25.1071428571,Male,1,img_1969.bmp,test
1970,36.487276392,Female,1,img_1970.bmp,val
1971,32.9448223734,Female,1,img_1971.bmp,train
1974,41.4185677445,Female,1,img_1974.bmp,train
1975,35.8403094624,Female,1,img_1975.bmp,train
1976,28.7448888889,Male,1,img_1976.bmp,train
1977,26.2453333333,Male,1,img_1977.bmp,val
1978,45.8864901332,Male,1,img_1978.bmp,train
1979,34.9780738742,Male,1,img_1979.bmp,train
1980,38.2567085757,Male,1,img_1980.bmp,train
1981,25.7243385251,Male,1,img_1981.bmp,test
1982,37.3020408163,Female,1,img_1982.bmp,train
1983,31.5632653061,Female,1,img_1983.bmp,train
1984,31.8682484568,Male,1,img_1984.bmp,train
1985,23.7316743827,Male,1,img_1985.bmp,test
1986,30.2699012812,Female,1,img_1986.bmp,train
1987,24.215921025,Female,1,img_1987.bmp,train
1988,41.8090397924,Female,1,img_1988.bmp,train
1989,27.365916955,Female,1,img_1989.bmp,train
1990,39.1512586322,Female,1,img_1990.bmp,train
1991,32.8870572511,Female,1,img_1991.bmp,train
1992,55.3717706364,Male,1,img_1992.bmp,train
1993,45.0357067843,Male,1,img_1993.bmp,val
1994,38.2698224852,Female,1,img_1994.bmp,train
1995,24.9585798817,Female,1,img_1995.bmp,val
1996,42.9611111111,Female,1,img_1996.bmp,train
1997,34.9547222222,Female,1,img_1997.bmp,train
1998,27.1157142857,Male,1,img_1998.bmp,train
1999,19.5118367347,Male,1,img_1999.bmp,train
2000,34.326171875,Female,1,img_2000.bmp,train
2001,26.9460449219,Female,1,img_2001.bmp,train
2002,35.1756756757,Male,1,img_2002.bmp,val
2003,31.8378378378,Male,1,img_2003.bmp,train
2004,35.4379332073,Male,1,img_2004.bmp,train
2005,25.3971854652,Male,1,img_2005.bmp,train
2006,33.4472318339,Female,1,img_2006.bmp,train
2007,30.4065743945,Female,1,img_2007.bmp,val
2008,53.5526315789,Male,1,img_2008.bmp,train
2009,40.8947368421,Male,1,img_2009.bmp,val
2010,36.2779133046,Male,1,img_2010.bmp,test
2011,26.3839369488,Male,1,img_2011.bmp,test
2012,36.6059171598,Female,1,img_2012.bmp,test
2013,25.7905325444,Female,1,img_2013.bmp,train
2014,30.8459183673,Male,1,img_2014.bmp,train
2015,24.1028571429,Male,1,img_2015.bmp,train
2016,29.1183431953,Female,1,img_2016.bmp,train
2017,27.4544378698,Female,1,img_2017.bmp,train
2018,36.0424804688,Female,1,img_2018.bmp,train
2019,26.6027832031,Female,1,img_2019.bmp,test
2020,36.0424804688,Female,1,img_2020.bmp,test
2021,30.5502929688,Female,1,img_2021.bmp,test
2022,31.7748702422,Female,1,img_2022.bmp,test
2023,21.1325692042,Female,1,img_2023.bmp,train
2024,34.951625907,Female,1,img_2024.bmp,test
2025,33.062348831,Female,1,img_2025.bmp,train
2026,25.8398306973,Female,1,img_2026.bmp,test
2027,22.3945199376,Female,1,img_2027.bmp,train
2028,36.629026956,Male,1,img_2028.bmp,train
2029,32.3537146614,Male,1,img_2029.bmp,train
2030,38.0193877551,Male,1,img_2030.bmp,train
2031,26.5418367347,Male,1,img_2031.bmp,train
2032,44.1497584541,Male,1,img_2032.bmp,train
2033,34.109010712,Male,1,img_2033.bmp,train
2034,32.7722674073,Female,1,img_2034.bmp,train
2035,23.0103154136,Female,1,img_2035.bmp,train
2036,33.7667824074,Male,1,img_2036.bmp,train
2037,31.0545910494,Male,1,img_2037.bmp,test
2038,34.8267967724,Male,1,img_2038.bmp,train
2039,24.2732219929,Male,1,img_2039.bmp,test
2040,36.5878378378,Male,1,img_2040.bmp,test
2041,29.527027027,Male,1,img_2041.bmp,train
2042,43.3950617284,Male,1,img_2042.bmp,train
2043,30.5121527778,Male,1,img_2043.bmp,train
2044,30.5020661157,Female,1,img_2044.bmp,val
2045,27.1129476584,Female,1,img_2045.bmp,train
2046,27.4058810425,Female,1,img_2046.bmp,train
2047,19.5756293161,Female,1,img_2047.bmp,train
2048,25.8398306973,Female,1,img_2048.bmp,train
2049,21.1416796614,Female,1,img_2049.bmp,train
2050,40.3106490233,Male,1,img_2050.bmp,train
2051,29.9745851712,Male,1,img_2051.bmp,train
2052,36.3119834711,Female,1,img_2052.bmp,train
2053,27.1129476584,Female,1,img_2053.bmp,train
2054,33.8332466181,Female,1,img_2054.bmp,train
2055,24.6891259105,Female,1,img_2055.bmp,train
2056,35.8673469388,Male,1,img_2056.bmp,train
2057,29.4112244898,Male,1,img_2057.bmp,test
2058,38.2434362529,Male,1,img_2058.bmp,train
2059,27.9073724008,Male,1,img_2059.bmp,val
2060,62.2635135135,Male,1,img_2060.bmp,train
2061,34.277027027,Male,1,img_2061.bmp,train
2062,36.541752674,Male,1,img_2062.bmp,test
2063,30.0776881216,Male,1,img_2063.bmp,train
2064,58.3544921875,Female,1,img_2064.bmp,test
2065,54.7502441406,Female,1,img_2065.bmp,train
2066,41.5032894737,Male,1,img_2066.bmp,train
2067,28.6019736842,Male,1,img_2067.bmp,test
2068,42.0389660494,Male,1,img_2068.bmp,train
2069,25.7658179012,Male,1,img_2069.bmp,train
2070,36.2586788336,Male,1,img_2070.bmp,test
2071,29.285855981,Male,1,img_2071.bmp,test
2074,42.9077148438,Female,1,img_2074.bmp,train
2075,25.7446289062,Female,1,img_2075.bmp,train
2076,28.4780092593,Male,1,img_2076.bmp,train
2077,25.7658179012,Male,1,img_2077.bmp,train
2078,32.5462962963,Male,1,img_2078.bmp,train
2079,24.4097222222,Male,1,img_2079.bmp,val
2082,34.1671983487,Male,1,img_2082.bmp,train
2083,24.4051416776,Male,1,img_2083.bmp,val
2084,35.9365354938,Male,1,img_2084.bmp,train
2085,28.7492283951,Male,1,img_2085.bmp,test
2086,29.4440686785,Female,1,img_2086.bmp,train
2087,25.6035379813,Female,1,img_2087.bmp,train
2088,23.0259511212,Female,1,img_2088.bmp,train
2089,21.2547241119,Female,1,img_2089.bmp,test
2090,29.6951331497,Female,1,img_2090.bmp,val
2091,23.2396694215,Female,1,img_2091.bmp,train
2092,38.2432,Male,1,img_2092.bmp,val
2093,30.6195555556,Male,1,img_2093.bmp,train
2094,53.1368102797,Female,1,img_2094.bmp,val
2095,30.9964726631,Female,1,img_2095.bmp,train
2096,30.6804205515,Male,1,img_2096.bmp,train
2097,23.0103154136,Male,1,img_2097.bmp,train
2098,26.6287878788,Male,1,img_2098.bmp,train
2099,22.5941230487,Male,1,img_2099.bmp,train
2102,40.8607419163,Male,1,img_2102.bmp,train
2103,26.4967268399,Male,1,img_2103.bmp,train
2104,29.267755102,Male,1,img_2104.bmp,train
2105,20.6595918367,Male,1,img_2105.bmp,train
2106,30.3813766986,Male,1,img_2106.bmp,train
2107,23.1775451103,Male,1,img_2107.bmp,train
2108,32.277318641,Female,1,img_2108.bmp,train
2109,20.9802571166,Female,1,img_2109.bmp,train
2110,31.8682484568,Male,1,img_2110.bmp,train
2111,26.8506944444,Male,1,img_2111.bmp,test
2112,39.7336033951,Male,1,img_2112.bmp,train
2113,32.5462962963,Male,1,img_2113.bmp,train
2114,49.9273469388,Male,1,img_2114.bmp,train
2115,32.4240816327,Male,1,img_2115.bmp,train
2116,43.0067567568,Male,1,img_2116.bmp,train
2117,32.0945945946,Male,1,img_2117.bmp,train
2118,33.6700824237,Male,1,img_2118.bmp,test
2119,27.4058810425,Male,1,img_2119.bmp,test
2120,51.4892578125,Female,1,img_2120.bmp,test
2121,45.8254394531,Female,1,img_2121.bmp,train
2122,50.6269463668,Female,1,img_2122.bmp,test
2123,31.4708044983,Female,1,img_2123.bmp,train
2124,32.9117238643,Male,1,img_2124.bmp,train
2125,22.4524895854,Male,1,img_2125.bmp,train
2126,57.3163927336,Female,1,img_2126.bmp,train
2127,34.3594290657,Female,1,img_2127.bmp,test
2128,32.8618421053,Male,1,img_2128.bmp,train
2129,23.125,Male,1,img_2129.bmp,train
2131,25.8401596303,Male,1,img_2131.bmp,train
2132,73.8750234566,Male,1,img_2132.bmp,train
2133,58.176580972,Male,1,img_2133.bmp,train
2134,29.7549565605,Male,1,img_2134.bmp,train
2135,25.0568055246,Male,1,img_2135.bmp,train
2136,29.4272762346,Female,1,img_2136.bmp,train
2137,22.3755787037,Female,1,img_2137.bmp,train
2138,33.6311728395,Male,1,img_2138.bmp,test
2139,27.6643518519,Male,1,img_2139.bmp,train
2140,30.4734471758,Male,1,img_2140.bmp,val
2141,25.5924188403,Male,1,img_2141.bmp,test
2142,39.7011019284,Female,1,img_2142.bmp,train
2143,26.9515610652,Female,1,img_2143.bmp,val
2144,35.5613965483,Male,1,img_2144.bmp,test
2145,26.9150962111,Male,1,img_2145.bmp,train
2146,26.289704142,Female,1,img_2146.bmp,train
2147,20.1332544379,Female,1,img_2147.bmp,val
2148,27.1940091252,Female,1,img_2148.bmp,train
2149,21.6157508431,Female,1,img_2149.bmp,train
2150,37.7644628099,Female,1,img_2150.bmp,train
2151,20.0119375574,Female,1,img_2151.bmp,train
2152,26.6027832031,Female,1,img_2152.bmp,train
2153,22.3120117188,Female,1,img_2153.bmp,train
2154,41.1965973535,Male,1,img_2154.bmp,train
2155,28.3503465658,Male,1,img_2155.bmp,train
2156,81.2119302668,Male,1,img_2156.bmp,train
2157,42.0825456837,Male,1,img_2157.bmp,test
2158,31.8682484568,Male,1,img_2158.bmp,train
2159,24.4097222222,Male,1,img_2159.bmp,test
2160,33.3783783784,Male,1,img_2160.bmp,val
2161,26.9594594595,Male,1,img_2161.bmp,train
2162,57.3247070312,Female,1,img_2162.bmp,test
2163,30.7219238281,Female,1,img_2163.bmp,train
2164,50.1136110492,Female,1,img_2164.bmp,test
2165,32.8870572511,Female,1,img_2165.bmp,train
2166,53.559392006,Male,1,img_2166.bmp,train
2167,28.8904109589,Male,1,img_2167.bmp,train
2168,43.9016326531,Female,1,img_2168.bmp,train
2169,34.576122449,Female,1,img_2169.bmp,train
2170,28.9719313878,Female,1,img_2170.bmp,train
2171,24.273780352,Female,1,img_2171.bmp,test
2172,43.3950617284,Male,1,img_2172.bmp,train
2173,29.8341049383,Male,1,img_2173.bmp,train
2174,34.5389266818,Female,1,img_2174.bmp,test
2175,29.5794910557,Female,1,img_2175.bmp,train
2176,43.2615384615,Female,1,img_2176.bmp,train
2177,39.1017751479,Female,1,img_2177.bmp,train
2178,29.425312438,Male,1,img_2178.bmp,train
2179,27.7518349534,Male,1,img_2179.bmp,test
2180,34.864114263,Male,1,img_2180.bmp,train
2181,26.4967268399,Male,1,img_2181.bmp,val
2182,35.9403550296,Female,1,img_2182.bmp,train
2183,24.459408284,Female,1,img_2183.bmp,test
2184,33.8587755102,Male,1,img_2184.bmp,train
2185,25.2506122449,Male,1,img_2185.bmp,train
2186,42.3234693878,Male,1,img_2186.bmp,train
2187,31.5632653061,Male,1,img_2187.bmp,train
2188,31.2444444444,Female,1,img_2188.bmp,test
2189,20.1136111111,Female,1,img_2189.bmp,train
2190,45.4797959184,Female,1,img_2190.bmp,train
2191,32.7110204082,Female,1,img_2191.bmp,train
2192,40.8607419163,Male,1,img_2192.bmp,train
2193,25.5205316405,Male,1,img_2193.bmp,train
2194,46.0206308272,Male,1,img_2194.bmp,train
2195,26.0783574688,Male,1,img_2195.bmp,train
2196,33.6700824237,Male,1,img_2196.bmp,train
2197,24.273780352,Male,1,img_2197.bmp,train
2198,35.6186666667,Male,1,img_2198.bmp,test
2199,26.1203555556,Male,1,img_2199.bmp,train
2200,58.5833333333,Male,1,img_2200.bmp,train
2201,40.6177777778,Male,1,img_2201.bmp,train
2202,39.4623842593,Female,1,img_2202.bmp,train
2203,29.1560570988,Female,1,img_2203.bmp,train
2204,28.0711805556,Male,1,img_2204.bmp,train
2205,24.8165509259,Male,1,img_2205.bmp,train
2206,26.6228558699,Male,1,img_2206.bmp,val
2207,21.924704834,Male,1,img_2207.bmp,train
2208,44.3980112873,Female,1,img_2208.bmp,train
2209,36.8409029831,Female,1,img_2209.bmp,test
2210,36.5764828304,Male,1,img_2210.bmp,train
2211,23.7747138398,Male,1,img_2211.bmp,train
2212,25.8218549128,Male,1,img_2212.bmp,train
2213,25.1763085399,Male,1,img_2213.bmp,train
2216,44.3671111111,Male,1,img_2216.bmp,test
2217,36.8684444444,Male,1,img_2217.bmp,train
2218,40.0048225309,Male,1,img_2218.bmp,train
2219,24.5453317901,Male,1,img_2219.bmp,train
2220,39.4661773458,Male,1,img_2220.bmp,val
2221,27.8912914104,Male,1,img_2221.bmp,val
2222,32.5462962963,Male,1,img_2222.bmp,train
2223,23.0536265432,Male,1,img_2223.bmp,train
2224,29.9831382662,Male,1,img_2224.bmp,train
2225,25.1021622694,Male,1,img_2225.bmp,train
2226,39.4750976562,Female,1,img_2226.bmp,test
2227,31.7517089844,Female,1,img_2227.bmp,train
2228,37.8566597294,Male,1,img_2228.bmp,train
2229,28.3467741935,Male,1,img_2229.bmp,test
2230,35.8673469388,Male,1,img_2230.bmp,train
2231,28.693877551,Male,1,img_2231.bmp,train
2232,33.0754043268,Male,1,img_2232.bmp,test
2233,28.940978786,Male,1,img_2233.bmp,test
2234,30.1285714286,Male,1,img_2234.bmp,train
2235,27.9765306122,Male,1,img_2235.bmp,test
2236,29.8341049383,Male,1,img_2236.bmp,test
2237,25.6302083333,Male,1,img_2237.bmp,train
2240,47.1984863281,Female,1,img_2240.bmp,train
2241,29.1772460938,Female,1,img_2241.bmp,train
2246,37.0298306907,Female,1,img_2246.bmp,train
2247,22.8602526203,Female,1,img_2247.bmp,train
2248,28.1889062152,Female,1,img_2248.bmp,val
2249,21.1416796614,Female,1,img_2249.bmp,train
2252,26.214159738,Male,1,img_2252.bmp,test
2253,22.3174603175,Male,1,img_2253.bmp,train
2254,42.3234693878,Male,1,img_2254.bmp,train
2255,27.9765306122,Male,1,img_2255.bmp,val
2256,37.4416896235,Female,1,img_2256.bmp,val
2257,26.6287878788,Female,1,img_2257.bmp,test
2258,27.8041992188,Female,1,img_2258.bmp,train
2259,24.3715820312,Female,1,img_2259.bmp,train
2260,37.9706790123,Male,1,img_2260.bmp,train
2261,23.7316743827,Male,1,img_2261.bmp,train
2262,39.8676748582,Male,1,img_2262.bmp,train
2263,32.1894559966,Male,1,img_2263.bmp,train
2264,43.0408163265,Male,1,img_2264.bmp,train
2265,31.5632653061,Male,1,img_2265.bmp,train
2266,33.2230623819,Male,1,img_2266.bmp,train
2267,26.2831337954,Male,1,img_2267.bmp,train
2268,26.5684051398,Female,1,img_2268.bmp,train
2269,22.6717057193,Female,1,img_2269.bmp,train
2270,41.606122449,Male,1,img_2270.bmp,train
2271,31.5632653061,Male,1,img_2271.bmp,train
2272,52.3474121094,Female,1,img_2272.bmp,train
2273,27.6325683594,Female,1,img_2273.bmp,train
2274,38.7367346939,Male,1,img_2274.bmp,test
2275,30.1285714286,Male,1,img_2275.bmp,train
2276,32.9188345473,Female,1,img_2276.bmp,test
2277,25.6035379813,Female,1,img_2277.bmp,train
2278,34.6188444444,Male,1,img_2278.bmp,train
2279,19.2465777778,Male,1,img_2279.bmp,train
2280,24.6293252595,Male,1,img_2280.bmp,train
2281,22.8049307958,Male,1,img_2281.bmp,train
2282,29.5794910557,Female,1,img_2282.bmp,train
2283,23.9115646259,Female,1,img_2283.bmp,train
2285,27.3334655822,Male,1,img_2285.bmp,train
2286,35.9936,Male,1,img_2286.bmp,train
2287,27.3701333333,Male,1,img_2287.bmp,val
2288,35.0795277345,Female,1,img_2288.bmp,train
2289,25.3700155937,Female,1,img_2289.bmp,val
2290,26.0853432282,Male,1,img_2290.bmp,val
2291,23.7139483893,Male,1,img_2291.bmp,train
2296,36.9559611188,Male,1,img_2296.bmp,train
2297,32.7722674073,Male,1,img_2297.bmp,train
2298,31.6142011834,Female,1,img_2298.bmp,train
2299,23.2946745562,Female,1,img_2299.bmp,test
2300,42.7944849116,Female,1,img_2300.bmp,train
2301,36.5764828304,Female,1,img_2301.bmp,test
2302,33.084251607,Female,1,img_2302.bmp,train
2303,21.7871900826,Female,1,img_2303.bmp,val
2304,41.0305190466,Male,1,img_2304.bmp,train
2305,30.0681666295,Male,1,img_2305.bmp,test
2306,29.1418918919,Male,1,img_2306.bmp,train
2307,22.4662162162,Male,1,img_2307.bmp,test
2308,30.6634527089,Male,1,img_2308.bmp,train
2309,20.9802571166,Male,1,img_2309.bmp,train
2310,32.8175154321,Male,1,img_2310.bmp,test
2311,28.7492283951,Male,1,img_2311.bmp,train
2312,32.7614784206,Female,1,img_2312.bmp,train
2313,27.9198806244,Female,1,img_2313.bmp,train
2314,33.4955632716,Male,1,img_2314.bmp,train
2315,31.4614197531,Male,1,img_2315.bmp,train
2316,27.669982699,Female,1,img_2316.bmp,train
2317,21.5886678201,Female,1,img_2317.bmp,test
2318,29.0495867769,Female,1,img_2318.bmp,test
2319,24.2079889807,Female,1,img_2319.bmp,train
2320,34.9420118343,Male,1,img_2320.bmp,train
2321,24.1266272189,Male,1,img_2321.bmp,test
2324,36.9559611188,Male,1,img_2324.bmp,train
2325,25.7994445547,Male,1,img_2325.bmp,train
2326,29.950295858,Female,1,img_2326.bmp,train
2328,28.9519526627,Female,1,img_2328.bmp,train
2329,24.9585798817,Female,1,img_2329.bmp,train
2330,25.9389010117,Male,1,img_2330.bmp,train
2331,23.7075976989,Male,1,img_2331.bmp,test
2332,24.3897959184,Female,1,img_2332.bmp,test
2333,21.5204081633,Female,1,img_2333.bmp,train
2334,38.0193877551,Male,1,img_2334.bmp,test
2335,30.1285714286,Male,1,img_2335.bmp,train
2336,46.5893491124,Female,1,img_2336.bmp,val
2337,30.7822485207,Female,1,img_2337.bmp,train
2338,27.1176757812,Female,1,img_2338.bmp,train
2339,23.6850585938,Female,1,img_2339.bmp,train
2340,38.7431111111,Male,1,img_2340.bmp,train
2341,29.9946666667,Male,1,img_2341.bmp,train
2342,28.12,Male,1,img_2342.bmp,train
2343,24.9955555556,Male,1,img_2343.bmp,test
2344,41.0305190466,Female,1,img_2344.bmp,train
2345,34.4531075963,Female,1,img_2345.bmp,val
2346,33.7153061224,Male,1,img_2346.bmp,train
2347,23.6724489796,Male,1,img_2347.bmp,train
2348,38.7327823691,Male,1,img_2348.bmp,test
2349,28.2426538108,Male,1,img_2349.bmp,train
2350,30.7927631579,Male,1,img_2350.bmp,test
2351,28.8453947368,Male,1,img_2351.bmp,train
2352,33.7926614325,Male,1,img_2352.bmp,train
2353,27.5973401698,Male,1,img_2353.bmp,test
2354,26.6027832031,Female,1,img_2354.bmp,train
2355,23.1701660156,Female,1,img_2355.bmp,test
2356,53.8951900861,Male,1,img_2356.bmp,train
2357,36.7668557026,Male,1,img_2357.bmp,train
2358,37.6532434041,Male,1,img_2358.bmp,test
2359,26.2178139258,Male,1,img_2359.bmp,train
2360,31.3210069058,Female,1,img_2360.bmp,train
2361,23.3341501448,Female,1,img_2361.bmp,train
2362,44.0021003991,Male,1,img_2362.bmp,train
2363,24.6588951901,Male,1,img_2363.bmp,train
2364,55.8711419753,Male,1,img_2364.bmp,train
2365,33.9023919753,Male,1,img_2365.bmp,train
2366,28.8904109589,Male,1,img_2366.bmp,train
2367,24.8009007318,Male,1,img_2367.bmp,train
2368,27.0435353725,Male,1,img_2368.bmp,train
2369,25.7243385251,Male,1,img_2369.bmp,test
2370,39.5285467128,Male,1,img_2370.bmp,test
2371,25.8455882353,Male,1,img_2371.bmp,val
2372,32.7789349112,Female,1,img_2372.bmp,train
2373,22.9618934911,Female,1,img_2373.bmp,train
2374,34.8155276817,Female,1,img_2374.bmp,train
2375,25.2374567474,Female,1,img_2375.bmp,train
2376,34.864114263,Male,1,img_2376.bmp,train
2377,29.9831382662,Male,1,img_2377.bmp,train
2378,41.8043665613,Female,1,img_2378.bmp,train
2379,35.7457627119,Female,1,img_2379.bmp,train
2380,34.3848427842,Female,1,img_2380.bmp,train
2381,26.4498790648,Female,1,img_2381.bmp,train
2382,45.8310810811,Male,1,img_2382.bmp,train
2383,35.4324324324,Male,1,img_2383.bmp,train
2384,31.1667387543,Female,1,img_2384.bmp,train
2385,26.6057525952,Female,1,img_2385.bmp,test
2386,39.321239607,Female,1,img_2386.bmp,train
2387,35.0702947846,Female,1,img_2387.bmp,train
2388,40.163459631,Male,1,img_2388.bmp,train
2389,34.3062884348,Male,1,img_2389.bmp,test
2390,46.1718896603,Male,1,img_2390.bmp,train
2391,32.979921186,Male,1,img_2391.bmp,train
2392,29.7042253521,Male,1,img_2392.bmp,test
2393,26.2178139258,Male,1,img_2393.bmp,train
2394,42.2832874197,Female,1,img_2394.bmp,test
2395,33.084251607,Female,1,img_2395.bmp,train
2396,32.0038580247,Male,1,img_2396.bmp,train
2397,27.528742284,Male,1,img_2397.bmp,train
2398,38.0813807004,Female,1,img_2398.bmp,val
2399,27.4540186445,Female,1,img_2399.bmp,train
2400,30.8459183673,Male,1,img_2400.bmp,test
2401,27.1157142857,Male,1,img_2401.bmp,train
2402,29.9831382662,Male,1,img_2402.bmp,train
2403,23.7075976989,Male,1,img_2403.bmp,train
2404,34.8410644531,Male,1,img_2404.bmp,train
2405,30.8935546875,Male,1,img_2405.bmp,train
2406,59.1967030519,Female,1,img_2406.bmp,train
2407,51.2098462909,Female,1,img_2407.bmp,val
2408,48.9147949219,Female,1,img_2408.bmp,test
2409,30.8935546875,Female,1,img_2409.bmp,test
2410,39.0478079746,Male,1,img_2410.bmp,train
2411,25.5205316405,Male,1,img_2411.bmp,train
2412,30.1108591585,Female,1,img_2412.bmp,val
2413,22.1403376165,Female,1,img_2413.bmp,test
2414,34.2991180334,Male,1,img_2414.bmp,val
2415,25.0647401013,Male,1,img_2415.bmp,train
2416,34.2139577594,Female,1,img_2416.bmp,train
2417,25.8218549128,Female,1,img_2417.bmp,train
2418,29.7549565605,Male,1,img_2418.bmp,train
2419,24.273780352,Male,1,img_2419.bmp,train
2420,33.4695496925,Male,1,img_2420.bmp,val
2421,27.0545526681,Male,1,img_2421.bmp,train
2422,23.75,Male,1,img_2422.bmp,train
2423,21.0540540541,Male,1,img_2423.bmp,test
2424,25.6827916352,Female,1,img_2424.bmp,val
2425,22.1403376165,Female,1,img_2425.bmp,train
2426,38.3505256893,Male,1,img_2426.bmp,train
2427,25.7994445547,Male,1,img_2427.bmp,train
2428,55.5947872577,Female,1,img_2428.bmp,train
2429,43.8494096681,Female,1,img_2429.bmp,train
2430,51.4892578125,Female,1,img_2430.bmp,test
2431,32.6098632812,Female,1,img_2431.bmp,val
2432,38.7327823691,Female,1,img_2432.bmp,train
2433,29.6951331497,Female,1,img_2433.bmp,val
2434,42.0389660494,Male,1,img_2434.bmp,train
2435,24.4097222222,Male,1,img_2435.bmp,train
2436,57.6069444444,Male,1,img_2436.bmp,train
2437,35.15,Male,1,img_2437.bmp,train
2438,45.4797959184,Female,1,img_2438.bmp,train
2439,27.2591836735,Female,1,img_2439.bmp,test
2440,33.4955632716,Male,1,img_2440.bmp,train
2441,30.6477623457,Male,1,img_2441.bmp,train
2442,31.9233398438,Female,1,img_2442.bmp,train
2443,27.8041992188,Female,1,img_2443.bmp,test
2444,23.7316743827,Female,1,img_2444.bmp,train
2445,21.6975308642,Female,1,img_2445.bmp,train
2446,23.8672839506,Male,1,img_2446.bmp,test
2447,22.9180169753,Male,1,img_2447.bmp,train
2448,43.2315016862,Male,1,img_2448.bmp,train
2449,34.864114263,Male,1,img_2449.bmp,train
2450,48.8102833552,Male,1,img_2450.bmp,train
2451,26.1200975793,Male,1,img_2451.bmp,test
2452,37.7271352986,Female,1,img_2452.bmp,train
2453,32.7676996725,Female,1,img_2453.bmp,train
2454,31.1667387543,Female,1,img_2454.bmp,test
2455,26.6057525952,Female,1,img_2455.bmp,train
2456,43.8494096681,Female,1,img_2456.bmp,test
2457,31.3210069058,Female,1,img_2457.bmp,train
2458,43.9016326531,Female,1,img_2458.bmp,train
2459,37.5889795918,Female,1,img_2459.bmp,test
2460,39.1512586322,Male,1,img_2460.bmp,test
2461,25.8398306973,Male,1,img_2461.bmp,val
2462,26.7763157895,Male,1,img_2462.bmp,train
2463,22.5164473684,Male,1,img_2463.bmp,train
2464,30.5502929688,Female,1,img_2464.bmp,train
2465,24.8864746094,Female,1,img_2465.bmp,train
2466,29.8565197429,Female,1,img_2466.bmp,val
2467,24.5307621671,Female,1,img_2467.bmp,train
2470,44.4243421053,Male,1,img_2470.bmp,train
2471,35.9046052632,Male,1,img_2471.bmp,train
2472,37.9258494031,Female,1,img_2472.bmp,train
2473,25.6604683196,Female,1,img_2473.bmp,train
2474,29.425312438,Male,1,img_2474.bmp,test
2475,24.4048799841,Male,1,img_2475.bmp,val
2476,39.4540816327,Male,1,img_2476.bmp,train
2477,28.693877551,Male,1,img_2477.bmp,val
2478,36.2731360947,Female,1,img_2478.bmp,train
2479,29.7839053254,Female,1,img_2479.bmp,train
2480,53.8010204082,Male,1,img_2480.bmp,test
2481,34.4326530612,Male,1,img_2481.bmp,val
2482,42.5692041522,Male,1,img_2482.bmp,train
2483,31.1667387543,Male,1,img_2483.bmp,train
2484,28.5021162843,Female,1,img_2484.bmp,train
2485,24.586990421,Female,1,img_2485.bmp,train
2486,28.5021162843,Female,1,img_2486.bmp,train
2487,24.586990421,Female,1,img_2487.bmp,train
2488,41.032244898,Male,1,img_2488.bmp,train
2489,25.2506122449,Male,1,img_2489.bmp,train
2490,25.0877700617,Female,1,img_2490.bmp,train
2491,18.3072916667,Female,1,img_2491.bmp,train
2492,45.9034859521,Female,1,img_2492.bmp,train
2493,33.2845993757,Female,1,img_2493.bmp,test
2494,37.6528040328,Male,1,img_2494.bmp,train
2495,27.3167401806,Male,1,img_2495.bmp,train
2496,39.3197190427,Female,1,img_2496.bmp,val
2497,37.8566597294,Female,1,img_2497.bmp,train
2498,37.1027777778,Female,1,img_2498.bmp,train
2499,28.3152777778,Female,1,img_2499.bmp,train
2500,34.4531075963,Male,1,img_2500.bmp,train
2501,26.6228558699,Male,1,img_2501.bmp,train
2502,41.0488754325,Female,1,img_2502.bmp,train
2503,33.14316609,Female,1,img_2503.bmp,test
2504,46.3179522498,Female,1,img_2504.bmp,test
2505,33.084251607,Female,1,img_2505.bmp,train
2506,46.9815103587,Female,1,img_2506.bmp,train
2507,37.5852082869,Female,1,img_2507.bmp,test
2508,38.312283737,Female,1,img_2508.bmp,train
2509,23.8691608997,Female,1,img_2509.bmp,val
2510,48.093204775,Female,1,img_2510.bmp,train
2511,30.9862258953,Female,1,img_2511.bmp,val
2512,35.0795277345,Male,1,img_2512.bmp,train
2513,30.6945867677,Male,1,img_2513.bmp,train
2514,35.4379332073,Male,1,img_2514.bmp,train
2515,23.4776307498,Male,1,img_2515.bmp,train
2517,31.8682484568,Female,1,img_2517.bmp,train
2518,22.2379149031,Female,1,img_2518.bmp,test
2519,20.6718645578,Female,1,img_2519.bmp,test
2520,29.9831382662,Male,1,img_2520.bmp,train
2521,19.5239039873,Male,1,img_2521.bmp,test
2522,30.6804205515,Male,1,img_2522.bmp,test
2523,27.8912914104,Male,1,img_2523.bmp,val
2524,32.2666015625,Female,1,img_2524.bmp,train
2525,26.2595214844,Female,1,img_2525.bmp,train
2526,33.062348831,Female,1,img_2526.bmp,train
2527,19.8374092986,Female,1,img_2527.bmp,train
2528,42.0968047337,Female,1,img_2528.bmp,val
2529,24.459408284,Female,1,img_2529.bmp,test
2530,61.6496786042,Female,1,img_2530.bmp,test
2533,21.7667479827,Male,1,img_2533.bmp,val
2534,29.0495867769,Female,1,img_2534.bmp,train
2535,24.2079889807,Female,1,img_2535.bmp,train
2536,32.7722674073,Male,1,img_2536.bmp,train
2537,25.1021622694,Male,1,img_2537.bmp,train
2538,41.3191836735,Female,1,img_2538.bmp,train
2539,34.7195918367,Female,1,img_2539.bmp,train
2540,26.6224852071,Female,1,img_2540.bmp,test
2541,19.1349112426,Female,1,img_2541.bmp,train
2542,26.5784499055,Male,1,img_2542.bmp,train
2543,21.8533921445,Male,1,img_2543.bmp,train
2544,35.9365354938,Male,1,img_2544.bmp,train
2545,25.7658179012,Male,1,img_2545.bmp,train
2546,37.8759183673,Male,1,img_2546.bmp,train
2547,31.5632653061,Male,1,img_2547.bmp,train
2548,21.5029086132,Male,1,img_2548.bmp,train
2549,19.3921936573,Male,1,img_2549.bmp,val
2550,34.930541103,Female,1,img_2550.bmp,val
2551,27.4323621228,Female,1,img_2551.bmp,train
2552,66.203433923,Female,1,img_2552.bmp,test
2553,54.8647242456,Female,1,img_2553.bmp,test
2554,45.2936414235,Male,1,img_2554.bmp,train
2555,33.4366672289,Male,1,img_2555.bmp,test
2556,36.9559611188,Male,1,img_2556.bmp,train
2557,24.4048799841,Male,1,img_2557.bmp,val
2558,32.9979591837,Male,1,img_2558.bmp,train
2559,24.9636734694,Male,1,img_2559.bmp,test
2560,28.1260813149,Male,1,img_2560.bmp,test
2561,25.3894896194,Male,1,img_2561.bmp,val
2562,31.5988237765,Male,1,img_2562.bmp,train
2563,28.6456626759,Male,1,img_2563.bmp,train
2564,28.8851351351,Male,1,img_2564.bmp,test
2565,25.6756756757,Male,1,img_2565.bmp,train
2568,34.9949590422,Male,1,img_2568.bmp,train
2569,29.088636841,Male,1,img_2569.bmp,train
2570,34.7160493827,Female,1,img_2570.bmp,train
2571,25.8599143361,Female,1,img_2571.bmp,train
2572,33.2243441358,Male,1,img_2572.bmp,train
2573,23.7316743827,Male,1,img_2573.bmp,test
2574,40.3106490233,Male,1,img_2574.bmp,train
2575,24.6588951901,Male,1,img_2575.bmp,train
2576,30.5413631634,Female,1,img_2576.bmp,val
2577,26.3350676379,Female,1,img_2577.bmp,train
2578,25.3700155937,Female,1,img_2578.bmp,test
2579,20.2020494542,Female,1,img_2579.bmp,train
2580,31.6142011834,Female,1,img_2580.bmp,train
2581,21.6307692308,Female,1,img_2581.bmp,train
2582,24.7971781305,Female,1,img_2582.bmp,test
2583,19.4834971025,Female,1,img_2583.bmp,train
2584,27.4058810425,Female,1,img_2584.bmp,train
2585,22.2379149031,Female,1,img_2585.bmp,train
2588,49.3305858766,Female,1,img_2588.bmp,train
2589,35.236132769,Female,1,img_2589.bmp,train
2590,29.8505778017,Female,1,img_2590.bmp,test
2591,20.7820478366,Female,1,img_2591.bmp,train
2592,34.9675605536,Female,1,img_2592.bmp,val
2593,22.044766436,Female,1,img_2593.bmp,val
2594,39.5975510204,Male,1,img_2594.bmp,train
2595,27.6895918367,Male,1,img_2595.bmp,test
2596,37.2297297297,Male,1,img_2596.bmp,train
2597,28.8851351351,Male,1,img_2597.bmp,val
2598,40.3466483012,Female,1,img_2598.bmp,train
2599,31.9545454545,Female,1,img_2599.bmp,train
2600,28.1702043245,Male,1,img_2600.bmp,train
2601,21.1973814719,Male,1,img_2601.bmp,test
2602,32.5462962963,Male,1,img_2602.bmp,val
2603,26.4438657407,Male,1,img_2603.bmp,test
2604,31.7464818315,Male,1,img_2604.bmp,test
2605,24.36357908,Male,1,img_2605.bmp,train
2606,48.056640625,Female,1,img_2606.bmp,train
2607,30.8935546875,Female,1,img_2607.bmp,train
2608,39.8676748582,Male,1,img_2608.bmp,train
2609,33.961352657,Male,1,img_2609.bmp,train
2610,34.4326530612,Male,1,img_2610.bmp,train
2611,24.3897959184,Male,1,img_2611.bmp,train
2612,41.186240258,Female,1,img_2612.bmp,test
2613,33.2512765386,Female,1,img_2613.bmp,train
2614,34.8595041322,Female,1,img_2614.bmp,train
2615,25.1763085399,Female,1,img_2615.bmp,train
2616,29.7839053254,Female,1,img_2616.bmp,test
2617,20.466035503,Female,1,img_2617.bmp,test
2618,43.5743801653,Female,1,img_2618.bmp,test
2619,22.9168962351,Female,1,img_2619.bmp,train
2620,32.0945945946,Male,1,img_2620.bmp,train
2621,28.7567567568,Male,1,img_2621.bmp,train
2622,32.0044224766,Female,1,img_2622.bmp,train
2623,21.0314776275,Female,1,img_2623.bmp,train
2624,36.6059171598,Male,1,img_2624.bmp,train
2625,31.6142011834,Male,1,img_2625.bmp,train
2626,29.6175147929,Female,1,img_2626.bmp,train
2627,24.9585798817,Female,1,img_2627.bmp,train
2628,33.3783783784,Male,1,img_2628.bmp,train
2629,27.6013513514,Male,1,img_2629.bmp,train
2630,23.4130622837,Female,1,img_2630.bmp,val
2631,18.2439446367,Female,1,img_2631.bmp,train
2632,37.1189164371,Female,1,img_2632.bmp,val
2633,32.277318641,Female,1,img_2633.bmp,test
2634,30.4155102041,Female,1,img_2634.bmp,train
2635,23.2420408163,Female,1,img_2635.bmp,train
2636,33.610887574,Female,1,img_2636.bmp,train
2637,25.6241420118,Female,1,img_2637.bmp,train
2638,38.6487268519,Male,1,img_2638.bmp,test
2639,28.4780092593,Male,1,img_2639.bmp,test
2640,36.0140739351,Male,1,img_2640.bmp,train
2641,23.6136235691,Male,1,img_2641.bmp,train
2642,39.3267746914,Male,1,img_2642.bmp,train
2643,29.8341049383,Male,1,img_2643.bmp,train
2644,38.9669942051,Female,1,img_2644.bmp,train
2645,31.8820861678,Female,1,img_2645.bmp,train
2646,37.4933333333,Male,1,img_2646.bmp,train
2647,27.4951111111,Male,1,img_2647.bmp,train
2648,29.4112244898,Male,1,img_2648.bmp,test
2649,24.3897959184,Male,1,img_2649.bmp,test
2650,29.1772460938,Female,1,img_2650.bmp,val
2651,23.1701660156,Female,1,img_2651.bmp,train
2654,19.7702702703,Female,1,img_2654.bmp,test
2655,17.7162162162,Female,1,img_2655.bmp,train
2656,34.309220679,Male,1,img_2656.bmp,train
2657,28.4780092593,Male,1,img_2657.bmp,train
2658,38.7885742188,Female,1,img_2658.bmp,train
2659,23.341796875,Female,1,img_2659.bmp,train
2660,33.2230623819,Male,1,img_2660.bmp,train
2661,25.8401596303,Male,1,img_2661.bmp,test
2662,49.9911111111,Male,1,img_2662.bmp,train
2663,33.744,Male,1,img_2663.bmp,train
2664,29.6819290674,Male,1,img_2664.bmp,train
2665,26.1200975793,Male,1,img_2665.bmp,train
2668,25.0568055246,Female,1,img_2668.bmp,val
2669,21.1416796614,Female,1,img_2669.bmp,val
2670,29.5794910557,Female,1,img_2670.bmp,train
2671,28.1625094482,Female,1,img_2671.bmp,train
2672,32.687067474,Male,1,img_2672.bmp,train
2673,23.4130622837,Male,1,img_2673.bmp,train
2674,50.9743652344,Female,1,img_2674.bmp,train
2675,30.20703125,Female,1,img_2675.bmp,test
2676,48.0868639053,Female,1,img_2676.bmp,train
2677,39.7673372781,Female,1,img_2677.bmp,val
2678,38.7327823691,Female,1,img_2678.bmp,test
2679,28.2426538108,Female,1,img_2679.bmp,test
2680,38.7301800591,Female,1,img_2680.bmp,test
2681,27.3945176028,Female,1,img_2681.bmp,train
2682,42.1267542883,Female,1,img_2682.bmp,train
2683,32.573847182,Female,1,img_2683.bmp,train
2684,32.5350346021,Female,1,img_2684.bmp,train
2685,21.892733564,Female,1,img_2685.bmp,train
2686,32.7789349112,Female,1,img_2686.bmp,train
2687,24.2930177515,Female,1,img_2687.bmp,train
2688,28.0812672176,Female,1,img_2688.bmp,train
2689,24.2079889807,Female,1,img_2689.bmp,train
2690,44.7040863177,Female,1,img_2690.bmp,train
2691,29.0495867769,Female,1,img_2691.bmp,train
2692,29.285855981,Male,1,img_2692.bmp,train
2693,27.7518349534,Male,1,img_2693.bmp,train
2694,43.2638101239,Male,1,img_2694.bmp,train
2695,31.5988237765,Male,1,img_2695.bmp,train
2696,50.2878417969,Female,1,img_2696.bmp,val
2697,34.1545410156,Female,1,img_2697.bmp,train
2698,42.3101851852,Male,1,img_2698.bmp,train
2699,32.5462962963,Male,1,img_2699.bmp,test
2700,27.4323621228,Female,1,img_2700.bmp,train
2701,24.8720083247,Female,1,img_2701.bmp,train
2702,39.3197190427,Female,1,img_2702.bmp,train
2703,29.8098335068,Female,1,img_2703.bmp,train
2704,28.693877551,Male,1,img_2704.bmp,train
2705,25.1071428571,Male,1,img_2705.bmp,train
2706,42.7170138889,Male,1,img_2706.bmp,train
2707,27.7999614198,Male,1,img_2707.bmp,train
2708,44.7040863177,Female,1,img_2708.bmp,train
2709,30.5020661157,Female,1,img_2709.bmp,train
2710,36.6191976476,Male,1,img_2710.bmp,train
2711,31.7464818315,Male,1,img_2711.bmp,train
2713,29.0495867769,Female,1,img_2713.bmp,train
2716,38.377507716,Male,1,img_2716.bmp,train
2717,28.884837963,Male,1,img_2717.bmp,train
2718,35.665316358,Male,1,img_2718.bmp,test
2719,25.4945987654,Male,1,img_2719.bmp,test
2720,43.1773356401,Male,1,img_2720.bmp,test
2721,36.0317906574,Male,1,img_2721.bmp,train
2723,26.4498790648,Female,1,img_2723.bmp,train
2724,33.961352657,Male,1,img_2724.bmp,train
2725,24.36357908,Male,1,img_2725.bmp,train
2726,37.6532434041,Male,1,img_2726.bmp,test
2727,29.285855981,Male,1,img_2727.bmp,train
2728,43.9287839714,Male,1,img_2728.bmp,test
2729,25.7994445547,Male,1,img_2729.bmp,val
2732,30.6634527089,Female,1,img_2732.bmp,train
2733,26.3060146924,Female,1,img_2733.bmp,train
2734,27.0665972945,Female,1,img_2734.bmp,train
2735,23.2260665973,Female,1,img_2735.bmp,train
2736,45.1389160156,Female,1,img_2736.bmp,test
2737,27.9758300781,Female,1,img_2737.bmp,test
2740,30.6804205515,Male,1,img_2740.bmp,train
2741,22.3130331283,Male,1,img_2741.bmp,train
2742,31.3777028367,Male,1,img_2742.bmp,train
2743,27.8912914104,Male,1,img_2743.bmp,train
2744,32.9979591837,Male,1,img_2744.bmp,train
2745,27.1157142857,Male,1,img_2745.bmp,train
2746,34.6621621622,Male,1,img_2746.bmp,train
2747,21.8243243243,Male,1,img_2747.bmp,train
2748,42.9287573964,Female,1,img_2748.bmp,test
2749,40.9320710059,Female,1,img_2749.bmp,train
2752,28.7492283951,Male,1,img_2752.bmp,val
2753,21.2907021605,Male,1,img_2753.bmp,test
2754,30.1285714286,Male,1,img_2754.bmp,train
2755,22.237755102,Male,1,img_2755.bmp,train
2756,41.0810810811,Male,1,img_2756.bmp,test
2757,25.0337837838,Male,1,img_2757.bmp,train
2758,27.4609375,Female,1,img_2758.bmp,val
2759,24.0283203125,Female,1,img_2759.bmp,train
2760,36.3119834711,Male,1,img_2760.bmp,test
2761,29.3723599633,Male,1,img_2761.bmp,train
2762,41.0488754325,Male,1,img_2762.bmp,train
2763,33.2951989619,Male,1,img_2763.bmp,test
2764,38.4053069719,Female,1,img_2764.bmp,train
2765,29.6269510926,Female,1,img_2765.bmp,train
2766,40.3106490233,Male,1,img_2766.bmp,test
2767,24.06826297,Male,1,img_2767.bmp,train
2768,46.8581081081,Male,1,img_2768.bmp,train
2769,39.7972972973,Male,1,img_2769.bmp,val
2770,46.2995437413,Male,1,img_2770.bmp,train
2771,30.4015076374,Male,1,img_2771.bmp,train
2772,44.3192247717,Female,1,img_2772.bmp,train
2773,37.7418133215,Female,1,img_2773.bmp,train
2774,27.4026530612,Male,1,img_2774.bmp,train
2775,22.6681632653,Male,1,img_2775.bmp,train
2776,32.2806122449,Male,1,img_2776.bmp,train
2777,26.5418367347,Male,1,img_2777.bmp,test
2778,42.0389660494,Male,1,img_2778.bmp,train
2779,29.1560570988,Male,1,img_2779.bmp,val
2780,33.2781065089,Female,1,img_2780.bmp,train
2781,21.6307692308,Female,1,img_2781.bmp,train
2782,42.4171712803,Male,1,img_2782.bmp,train
2783,28.2781141869,Male,1,img_2783.bmp,test
2784,31.4478106509,Female,1,img_2784.bmp,val
2786,32.1177102929,Female,1,img_2786.bmp,train
2787,24.1827465735,Female,1,img_2787.bmp,train
2788,53.8010204082,Male,1,img_2788.bmp,test
2789,32.9979591837,Male,1,img_2789.bmp,test
2790,36.4878892734,Female,1,img_2790.bmp,val
2791,26.9098183391,Female,1,img_2791.bmp,test
2792,34.326171875,Female,1,img_2792.bmp,val
2793,28.6623535156,Female,1,img_2793.bmp,val
2794,33.610887574,Female,1,img_2794.bmp,train
2795,26.289704142,Female,1,img_2795.bmp,test
2796,33.7926614325,Male,1,img_2796.bmp,val
2797,28.1605511937,Male,1,img_2797.bmp,train
2798,29.1772460938,Female,1,img_2798.bmp,train
2799,23.341796875,Female,1,img_2799.bmp,train
2800,39.1512586322,Female,1,img_2800.bmp,test
2801,32.1040320784,Female,1,img_2801.bmp,train
2802,30.8108108108,Male,1,img_2802.bmp,train
2803,24.3918918919,Male,1,img_2803.bmp,train
2804,36.2779133046,Male,1,img_2804.bmp,test
2805,23.7455432539,Male,1,img_2805.bmp,test
2806,56.1100609116,Male,1,img_2806.bmp,train
2807,45.9216551145,Male,1,img_2807.bmp,train
2808,28.2426538108,Female,1,img_2808.bmp,train
2809,21.9485766758,Female,1,img_2809.bmp,train
2810,25.3589891975,Male,1,img_2810.bmp,train
2811,24.4097222222,Male,1,img_2811.bmp,train
2812,38.7431111111,Male,1,img_2812.bmp,test
2813,32.3692444444,Male,1,img_2813.bmp,val
2814,28.0550304558,Male,1,img_2814.bmp,train
2815,25.8401596303,Male,1,img_2815.bmp,val
2816,28.3396321492,Female,1,img_2816.bmp,val
2817,23.0259511212,Female,1,img_2817.bmp,val
2818,37.4933333333,Male,1,img_2818.bmp,train
2819,26.8702222222,Male,1,img_2819.bmp,test
2820,31.8682484568,Male,1,img_2820.bmp,train
2821,22.3755787037,Male,1,img_2821.bmp,test
2822,37.0621718126,Male,1,img_2822.bmp,train
2823,26.1354757404,Male,1,img_2823.bmp,train
2824,27.3167401806,Male,1,img_2824.bmp,train
2825,22.8869985297,Male,1,img_2825.bmp,test
2826,39.1512586322,Female,1,img_2826.bmp,train
2827,31.6342169748,Female,1,img_2827.bmp,train
2828,40.8951022706,Male,1,img_2828.bmp,test
2829,31.0011259148,Male,1,img_2829.bmp,train
2830,28.5885736957,Male,1,img_2830.bmp,train
2831,25.1021622694,Male,1,img_2831.bmp,train
2832,34.006987369,Female,1,img_2832.bmp,test
2833,25.5052405267,Female,1,img_2833.bmp,train
2834,39.0478079746,Male,1,img_2834.bmp,test
2835,23.0103154136,Male,1,img_2835.bmp,val
2836,27.8082640464,Female,1,img_2836.bmp,test
2837,21.7860922147,Female,1,img_2837.bmp,test
2838,24.36357908,Male,1,img_2838.bmp,train
2839,22.5916824197,Male,1,img_2839.bmp,test
2840,34.6875,Male,1,img_2840.bmp,train
2841,26.1677631579,Male,1,img_2841.bmp,train
2844,47.2505776097,Male,1,img_2844.bmp,train
2845,38.3910943079,Male,1,img_2845.bmp,train
2846,38.7431111111,Male,1,img_2846.bmp,train
2847,31.2444444444,Male,1,img_2847.bmp,train
2848,48.1413966049,Male,1,img_2848.bmp,train
2849,37.1570216049,Male,1,img_2849.bmp,train
2850,53.2449704142,Female,1,img_2850.bmp,train
2851,30.9486390533,Female,1,img_2851.bmp,train
2852,43.2615384615,Male,1,img_2852.bmp,train
2853,29.2847337278,Male,1,img_2853.bmp,train
2854,49.7147491349,Male,1,img_2854.bmp,train
2855,45.0017301038,Male,1,img_2855.bmp,train
2856,38.2432,Male,1,img_2856.bmp,test
2857,30.9944888889,Male,1,img_2857.bmp,train
2858,48.2702702703,Male,1,img_2858.bmp,train
2859,24.1351351351,Male,1,img_2859.bmp,train
2860,32.6819058642,Male,1,img_2860.bmp,train
2861,26.8506944444,Male,1,img_2861.bmp,train
2862,48.7087427564,Female,1,img_2862.bmp,train
2863,33.1219450743,Female,1,img_2863.bmp,train
2864,34.1668319778,Male,1,img_2864.bmp,test
2865,26.9150962111,Male,1,img_2865.bmp,train
2866,30.8459183673,Male,1,img_2866.bmp,train
2867,26.5418367347,Male,1,img_2867.bmp,train
2868,28.7855621302,Female,1,img_2868.bmp,train
2869,26.7888757396,Female,1,img_2869.bmp,train
2870,40.8951022706,Male,1,img_2870.bmp,train
2871,30.3415274911,Male,1,img_2871.bmp,train
2872,30.7128754463,Female,1,img_2872.bmp,train
2873,25.2495274102,Female,1,img_2873.bmp,val
2874,28.3190917969,Female,1,img_2874.bmp,train
2875,20.4240722656,Female,1,img_2875.bmp,test
2876,29.7566137566,Female,1,img_2876.bmp,train
2877,25.3285462333,Female,1,img_2877.bmp,train
2878,46.2428626543,Male,1,img_2878.bmp,test
2879,37.2926311728,Male,1,img_2879.bmp,train
2880,44.3813131313,Female,1,img_2880.bmp,train
2881,29.5337465565,Female,1,img_2881.bmp,test
2882,51.4486770501,Male,1,img_2882.bmp,train
2883,26.3839369488,Male,1,img_2883.bmp,test
2884,37.7290298367,Male,1,img_2884.bmp,train
2885,29.8138487521,Male,1,img_2885.bmp,train
2886,39.1512586322,Male,1,img_2886.bmp,train
2887,25.8398306973,Male,1,img_2887.bmp,train
2888,30.7219238281,Female,1,img_2888.bmp,train
2889,26.9460449219,Female,1,img_2889.bmp,train
2890,40.6828703704,Male,1,img_2890.bmp,test
2891,29.5628858025,Male,1,img_2891.bmp,train
2892,32.1040320784,Male,1,img_2892.bmp,train
2893,25.8398306973,Male,1,img_2893.bmp,val
2894,44.4636532299,Male,1,img_2894.bmp,train
2895,32.0138303255,Male,1,img_2895.bmp,train
2896,32.5462962963,Male,1,img_2896.bmp,test
2897,28.4780092593,Male,1,img_2897.bmp,train
2898,29.7984429066,Male,1,img_2898.bmp,train
2899,22.044766436,Male,1,img_2899.bmp,test
2900,31.3258101852,Male,1,img_2900.bmp,train
2901,24.4097222222,Male,1,img_2901.bmp,test
2902,46.8666666667,Male,1,img_2902.bmp,test
2903,31.4944,Male,1,img_2903.bmp,train
2904,56.4853076217,Female,1,img_2904.bmp,train
2905,41.1535812672,Female,1,img_2905.bmp,train
2906,29.2611862643,Male,1,img_2906.bmp,train
2907,25.9693028096,Male,1,img_2907.bmp,train
2908,38.6026035503,Female,1,img_2908.bmp,test
2909,24.7921893491,Female,1,img_2909.bmp,val
2910,44.9324324324,Male,1,img_2910.bmp,train
2911,32.0945945946,Male,1,img_2911.bmp,val
2914,37.7271352986,Female,1,img_2914.bmp,train
2915,34.1846812799,Female,1,img_2915.bmp,train
2916,43.0663844954,Female,1,img_2916.bmp,train
2917,35.7059478726,Female,1,img_2917.bmp,train
2918,30.4065743945,Female,1,img_2918.bmp,train
2919,26.7577854671,Female,1,img_2919.bmp,train
2920,36.1757629762,Male,1,img_2920.bmp,train
2921,27.249276008,Male,1,img_2921.bmp,test
2922,32.7364864865,Male,1,img_2922.bmp,train
2923,27.9864864865,Male,1,img_2923.bmp,val
2924,28.7448888889,Male,1,img_2924.bmp,val
2925,25.9953777778,Male,1,img_2925.bmp,val
2926,39.6748185972,Female,1,img_2926.bmp,train
2927,23.6159634507,Female,1,img_2927.bmp,train
2928,34.2073961938,Male,1,img_2928.bmp,train
2929,28.1260813149,Male,1,img_2929.bmp,test
2930,26.9150962111,Male,1,img_2930.bmp,train
2931,25.9389010117,Male,1,img_2931.bmp,train
2932,28.3467741935,Female,1,img_2932.bmp,train
2933,21.9458896982,Female,1,img_2933.bmp,val
2934,33.961352657,Male,1,img_2934.bmp,test
2935,28.4980046209,Male,1,img_2935.bmp,train
2936,55.1249721542,Female,1,img_2936.bmp,train
2937,31.6342169748,Female,1,img_2937.bmp,train
2938,30.8248393021,Female,1,img_2938.bmp,train
2939,23.0782828283,Female,1,img_2939.bmp,val
2940,51.8657777778,Male,1,img_2940.bmp,test
2941,33.744,Male,1,img_2941.bmp,test
2942,42.7170138889,Male,1,img_2942.bmp,train
2943,30.5121527778,Male,1,img_2943.bmp,train
2944,33.6533131771,Female,1,img_2944.bmp,train
2945,22.1403376165,Female,1,img_2945.bmp,test
2946,36.1542857143,Male,1,img_2946.bmp,train
2947,31.5632653061,Male,1,img_2947.bmp,train
2948,43.0408163265,Male,1,img_2948.bmp,train
2949,24.8202040816,Male,1,img_2949.bmp,train
2950,23.6286111111,Female,1,img_2950.bmp,test
2951,21.2852777778,Female,1,img_2951.bmp,test
2952,29.8565197429,Female,1,img_2952.bmp,train
2953,22.9168962351,Female,1,img_2953.bmp,val
2956,28.4567380671,Male,1,img_2956.bmp,val
2957,24.306797099,Male,1,img_2957.bmp,train
2958,25.3285462333,Female,1,img_2958.bmp,train
2959,20.5462333081,Female,1,img_2959.bmp,train
2960,34.5804398148,Male,1,img_2960.bmp,train
2961,27.1219135802,Male,1,img_2961.bmp,test
2962,35.7332493174,Male,1,img_2962.bmp,val
2963,29.3839529511,Male,1,img_2963.bmp,train
2964,56.1100609116,Male,1,img_2964.bmp,test
2965,44.1497584541,Male,1,img_2965.bmp,train
2966,27.8912914104,Female,1,img_2966.bmp,train
2967,25.1021622694,Female,1,img_2967.bmp,train
2968,25.0149219467,Male,1,img_2968.bmp,val
2969,22.7555096419,Male,1,img_2969.bmp,val
2970,27.2880473373,Female,1,img_2970.bmp,train
2971,21.9635502959,Female,1,img_2971.bmp,test
2972,31.1959459459,Male,1,img_2972.bmp,test
2973,22.8513513514,Male,1,img_2973.bmp,train
2974,39.9337278107,Female,1,img_2974.bmp,train
2975,27.9536094675,Female,1,img_2975.bmp,train
2976,30.2699012812,Male,1,img_2976.bmp,train
2977,24.5112371351,Male,1,img_2977.bmp,train
2978,26.6287878788,Male,1,img_2978.bmp,test
2979,25.0149219467,Male,1,img_2979.bmp,test
2980,46.8249053241,Female,1,img_2980.bmp,train
2981,34.6097126309,Female,1,img_2981.bmp,train
2984,38.2110692323,Male,1,img_2984.bmp,test
2985,24.2654235271,Male,1,img_2985.bmp,train
2988,35.5709225839,Male,1,img_2988.bmp,train
2989,29.7610052285,Male,1,img_2989.bmp,train
2990,40.2341311134,Female,1,img_2990.bmp,test
2991,33.1017169615,Female,1,img_2991.bmp,train
2992,37.5500125976,Female,1,img_2992.bmp,test
2993,34.8931720836,Female,1,img_2993.bmp,train
2994,31.5278407659,Female,1,img_2994.bmp,train
2995,26.214159738,Female,1,img_2995.bmp,train
2996,35.236132769,Male,1,img_2996.bmp,train
2997,27.249276008,Male,1,img_2997.bmp,val
2998,45.3426498253,Female,1,img_2998.bmp,test
2999,37.4076861059,Female,1,img_2999.bmp,train
3000,30.5121527778,Male,1,img_3000.bmp,train
3001,21.0194830247,Male,1,img_3001.bmp,train
3002,33.2963867188,Female,1,img_3002.bmp,test
3003,22.4836425781,Female,1,img_3003.bmp,train
3004,40.1644736842,Female,1,img_3004.bmp,train
3005,29.9407894737,Female,1,img_3005.bmp,train
3006,29.2105263158,Male,1,img_3006.bmp,train
3007,27.3848684211,Male,1,img_3007.bmp,train
3008,49.7687114198,Male,1,img_3008.bmp,train
3009,31.4614197531,Male,1,img_3009.bmp,train
3010,46.8021120294,Female,1,img_3010.bmp,train
3011,30.6634527089,Female,1,img_3011.bmp,test
3012,46.3179522498,Male,1,img_3012.bmp,train
3013,30.0179063361,Male,1,img_3013.bmp,train
3014,37.3581081081,Male,1,img_3014.bmp,train
3015,27.472972973,Male,1,img_3015.bmp,test
3016,28.7125390219,Female,1,img_3016.bmp,val
3017,24.5062434964,Female,1,img_3017.bmp,train
3018,48.005787037,Male,1,img_3018.bmp,train
3019,32.6819058642,Male,1,img_3019.bmp,train
3020,28.3627322199,Male,1,img_3020.bmp,train
3021,25.7243385251,Male,1,img_3021.bmp,train
3022,42.0825456837,Male,1,img_3022.bmp,train
3023,25.8401596303,Male,1,img_3023.bmp,test
3024,45.4797959184,Female,1,img_3024.bmp,train
3025,28.9808163265,Female,1,img_3025.bmp,train
3026,49.5611342352,Female,1,img_3026.bmp,val
3027,43.8917793965,Female,1,img_3027.bmp,train
3028,30.3813766986,Female,1,img_3028.bmp,train
3029,22.3945199376,Female,1,img_3029.bmp,test
3032,47.1301903114,Male,1,img_3032.bmp,train
3033,31.0147058824,Male,1,img_3033.bmp,train
3034,32.5462962963,Female,1,img_3034.bmp,test
3035,24.4097222222,Female,1,img_3035.bmp,val
3036,39.6056338028,Male,1,img_3036.bmp,test
3037,31.2382463797,Male,1,img_3037.bmp,train
3038,36.1762234825,Male,1,img_3038.bmp,train
3040,58.3544921875,Female,1,img_3040.bmp,train
3041,47.8850097656,Female,1,img_3041.bmp,train
3042,42.6865709247,Female,1,img_3042.bmp,train
3043,34.8931720836,Female,1,img_3043.bmp,train
3044,36.9587881488,Female,1,img_3044.bmp,train
3045,35.7059478726,Female,1,img_3045.bmp,train
3046,45.1928571429,Male,1,img_3046.bmp,train
3047,35.15,Male,1,img_3047.bmp,train
3048,35.4245401864,Female,1,img_3048.bmp,train
3049,26.3912824389,Female,1,img_3049.bmp,test
3050,32.4847721067,Male,1,img_3050.bmp,train
3051,26.4307918505,Male,1,img_3051.bmp,train
3052,40.4328994083,Female,1,img_3052.bmp,train
3053,31.6142011834,Female,1,img_3053.bmp,test
3054,41.3191836735,Female,1,img_3054.bmp,train
3055,33.2848979592,Female,1,img_3055.bmp,train
3056,33.6700824237,Male,1,img_3056.bmp,train
3057,27.4058810425,Male,1,img_3057.bmp,train
3058,39.8624885216,Female,1,img_3058.bmp,test
3059,31.1476124885,Female,1,img_3059.bmp,train
3060,45.2588549788,Female,1,img_3060.bmp,train
3061,31.0077968367,Female,1,img_3061.bmp,val
3062,38.2698224852,Female,1,img_3062.bmp,train
3063,30.6158579882,Female,1,img_3063.bmp,train
3064,25.6756756757,Male,1,img_3064.bmp,val
3065,22.4662162162,Male,1,img_3065.bmp,train
3066,45.6442109214,Male,1,img_3066.bmp,test
3067,36.9375117283,Male,1,img_3067.bmp,train
3068,46.8249053241,Female,1,img_3068.bmp,test
3069,34.1398975273,Female,1,img_3069.bmp,test
3072,49.2229109275,Male,1,img_3072.bmp,train
3073,27.4357208448,Male,1,img_3073.bmp,train
3074,43.9016326531,Female,1,img_3074.bmp,train
3075,30.8459183673,Female,1,img_3075.bmp,train
3076,28.8674866098,Female,1,img_3076.bmp,test
3077,27.8912914104,Female,1,img_3077.bmp,train
3078,27.597107438,Male,1,img_3078.bmp,train
3079,24.5307621671,Male,1,img_3079.bmp,train
3080,25.0568055246,Male,1,img_3080.bmp,train
3081,23.0209400757,Male,1,img_3081.bmp,train
3082,38.7327823691,Male,1,img_3082.bmp,train
3083,33.084251607,Male,1,img_3083.bmp,train
3086,38.6294386035,Male,1,img_3086.bmp,train
3087,24.6837928982,Male,1,img_3087.bmp,train
3088,45.3310228943,Female,1,img_3088.bmp,train
3089,39.1293845831,Female,1,img_3089.bmp,train
3090,31.7517089844,Female,1,img_3090.bmp,train
3091,24.71484375,Female,1,img_3091.bmp,train
3092,43.2615384615,Male,1,img_3092.bmp,train
3093,28.4527810651,Male,1,img_3093.bmp,train
3094,42.0825456837,Male,1,img_3094.bmp,test
3095,31.0081915564,Male,1,img_3095.bmp,train
3096,27.1940091252,Male,1,img_3096.bmp,train
3097,25.1021622694,Male,1,img_3097.bmp,train
3098,32.7722674073,Male,1,img_3098.bmp,train
3099,27.1940091252,Male,1,img_3099.bmp,train
3100,36.6347566575,Female,1,img_3100.bmp,val
3101,21.7871900826,Female,1,img_3101.bmp,train
3102,39.5397153352,Female,1,img_3102.bmp,test
3104,40.3466483012,Female,1,img_3104.bmp,test
3105,34.698117539,Female,1,img_3105.bmp,train
3106,42.6100581723,Male,1,img_3106.bmp,train
3107,29.4180896979,Male,1,img_3107.bmp,test
3108,31.9269031142,Male,1,img_3108.bmp,train
3109,29.6464100346,Male,1,img_3109.bmp,train
3110,29.98734375,Male,1,img_3110.bmp,test
3111,26.69203125,Male,1,img_3111.bmp,train
3112,47.2505776097,Male,1,img_3112.bmp,train
3113,40.6059651334,Male,1,img_3113.bmp,train
3114,32.0044224766,Female,1,img_3114.bmp,test
3115,23.7747138398,Female,1,img_3115.bmp,train
3116,41.7062988281,Female,1,img_3116.bmp,test
3117,37.072265625,Female,1,img_3117.bmp,train
3118,40.4993432164,Male,1,img_3118.bmp,train
3119,37.4651904673,Male,1,img_3119.bmp,train
3120,30.2247716641,Female,1,img_3120.bmp,train
3121,23.6473602139,Female,1,img_3121.bmp,train
3122,42.5255198488,Female,1,img_3122.bmp,train
3123,33.3707204369,Female,1,img_3123.bmp,train
3124,46.8249053241,Female,1,img_3124.bmp,val
3125,33.2002673201,Female,1,img_3125.bmp,train
3126,40.8308080808,Female,1,img_3126.bmp,train
3127,33.891184573,Female,1,img_3127.bmp,train
3128,43.8494096681,Female,1,img_3128.bmp,test
3129,30.5379817331,Female,1,img_3129.bmp,train
3130,32.7160818165,Male,1,img_3130.bmp,train
3131,25.7243385251,Male,1,img_3131.bmp,val
3132,36.7281632653,Male,1,img_3132.bmp,train
3133,25.1071428571,Male,1,img_3133.bmp,train
3134,44.3671111111,Male,1,img_3134.bmp,train
3135,29.8696888889,Male,1,img_3135.bmp,train
3136,30.1285714286,Male,1,img_3136.bmp,test
3137,25.5375510204,Male,1,img_3137.bmp,test
3138,37.8759183673,Male,1,img_3138.bmp,train
3139,23.2420408163,Male,1,img_3139.bmp,train
3142,48.4159779614,Female,1,img_3142.bmp,test
3143,22.5941230487,Female,1,img_3143.bmp,train
3144,36.6059171598,Female,1,img_3144.bmp,train
3145,26.6224852071,Female,1,img_3145.bmp,train
3147,29.0223306436,Male,1,img_3147.bmp,train
3148,37.3494687131,Male,1,img_3148.bmp,test
3149,27.2710406477,Male,1,img_3149.bmp,test
3150,49.4052777778,Female,1,img_3150.bmp,train
3151,45.3044444444,Female,1,img_3151.bmp,test
3154,28.3190917969,Female,1,img_3154.bmp,train
3155,22.6552734375,Female,1,img_3155.bmp,train
3156,28.884837963,Female,1,img_3156.bmp,train
3157,21.8331404321,Female,1,img_3157.bmp,val
3158,28.5654269972,Female,1,img_3158.bmp,train
3159,26.4674012856,Female,1,img_3159.bmp,val
3160,30.7822485207,Female,1,img_3160.bmp,train
3161,22.4627218935,Female,1,img_3161.bmp,train
3162,36.8021831143,Male,1,img_3162.bmp,val
3163,30.5379817331,Male,1,img_3163.bmp,test
3164,43.0663844954,Female,1,img_3164.bmp,train
3165,35.549342838,Female,1,img_3165.bmp,train
3166,53.5155709343,Female,1,img_3166.bmp,train
3167,28.4301470588,Female,1,img_3167.bmp,test
3168,32.6125443787,Male,1,img_3168.bmp,train
3169,29.950295858,Male,1,img_3169.bmp,test
3170,29.4943771626,Male,1,img_3170.bmp,train
3171,24.9333910035,Male,1,img_3171.bmp,val
3172,28.693877551,Female,1,img_3172.bmp,train
3173,24.3897959184,Female,1,img_3173.bmp,train
3174,51.9952422145,Male,1,img_3174.bmp,val
3175,32.991133218,Male,1,img_3175.bmp,train
3176,38.2486225895,Male,1,img_3176.bmp,val
3177,31.4703856749,Male,1,img_3177.bmp,val
3178,31.7464818315,Male,1,img_3178.bmp,val
3179,24.8065532451,Male,1,img_3179.bmp,train
3180,28.0550304558,Female,1,img_3180.bmp,train
3181,22.1487082546,Female,1,img_3181.bmp,val
3182,33.4695496925,Male,1,img_3182.bmp,train
3183,26.4967268399,Male,1,img_3183.bmp,train
3184,27.8912914104,Male,1,img_3184.bmp,val
3185,21.6157508431,Male,1,img_3185.bmp,train
3186,25.6827916352,Female,1,img_3186.bmp,test
3187,22.8488284203,Female,1,img_3187.bmp,train
3190,35.2716262976,Male,1,img_3190.bmp,train
3191,30.1025086505,Male,1,img_3191.bmp,train
3192,25.6756756757,Male,1,img_3192.bmp,train
3193,22.2094594595,Male,1,img_3193.bmp,train
3194,45.4154600134,Female,1,img_3194.bmp,train
3195,32.8870572511,Female,1,img_3195.bmp,train
3196,24.3252595156,Male,1,img_3196.bmp,train
3197,22.8049307958,Male,1,img_3197.bmp,train
3198,32.1177102929,Female,1,img_3198.bmp,test
3199,21.537758667,Female,1,img_3199.bmp,train
3200,43.1773356401,Male,1,img_3200.bmp,test
3201,31.3187716263,Male,1,img_3201.bmp,test
3202,29.8341049383,Male,1,img_3202.bmp,train
3203,24.4097222222,Male,1,img_3203.bmp,val
3204,36.6059171598,Female,1,img_3204.bmp,train
3205,31.6142011834,Female,1,img_3205.bmp,val
3206,43.7607100592,Female,1,img_3206.bmp,train
3207,37.9370414201,Female,1,img_3207.bmp,test
3208,23.7729468599,Female,1,img_3208.bmp,train
3209,20.9674438143,Female,1,img_3209.bmp,val
3210,39.4247006931,Female,1,img_3210.bmp,test
3211,32.7800882168,Female,1,img_3211.bmp,test
3212,35.8175675676,Male,1,img_3212.bmp,test
3213,26.7027027027,Male,1,img_3213.bmp,train
3214,40.8308080808,Male,1,img_3214.bmp,train
3215,31.4703856749,Male,1,img_3215.bmp,train
3216,51.1184210526,Male,1,img_3216.bmp,train
3217,35.2960526316,Male,1,img_3217.bmp,test
3218,30.5379817331,Male,1,img_3218.bmp,train
3219,22.7077300067,Male,1,img_3219.bmp,train
3220,28.3152777778,Female,1,img_3220.bmp,val
3221,24.4097222222,Female,1,img_3221.bmp,train
3222,31.0361842105,Male,1,img_3222.bmp,train
3223,26.1677631579,Male,1,img_3223.bmp,train
3224,46.0693131695,Male,1,img_3224.bmp,train
3225,28.3503465658,Male,1,img_3225.bmp,train
3226,30.0354003906,Female,1,img_3226.bmp,test
3227,27.1176757812,Female,1,img_3227.bmp,val
3228,23.0103154136,Male,1,img_3228.bmp,train
3229,20.6395556437,Male,1,img_3229.bmp,test
3230,49.9171597633,Female,1,img_3230.bmp,train
3231,35.2747928994,Female,1,img_3231.bmp,train
3232,32.6184210526,Male,1,img_3232.bmp,train
3233,24.0986842105,Male,1,img_3233.bmp,train
3234,38.464316609,Female,1,img_3234.bmp,train
3235,30.1025086505,Female,1,img_3235.bmp,train
3236,22.4945369407,Female,1,img_3236.bmp,train
3237,21.5801248699,Female,1,img_3237.bmp,val
3238,28.3627322199,Male,1,img_3238.bmp,train
3239,25.0647401013,Male,1,img_3239.bmp,test
3240,30.0681666295,Female,1,img_3240.bmp,test
3241,25.3700155937,Female,1,img_3241.bmp,train
3242,50.0298438935,Female,1,img_3242.bmp,train
3243,36.3119834711,Female,1,img_3243.bmp,train
3244,39.3106122449,Male,1,img_3244.bmp,train
3245,22.8116326531,Male,1,img_3245.bmp,train
3246,39.9342838049,Male,1,img_3246.bmp,train
3247,30.5379817331,Male,1,img_3247.bmp,test
3248,35.4245401864,Female,1,img_3248.bmp,train
3249,19.4834971025,Female,1,img_3249.bmp,train
3250,41.0896990741,Male,1,img_3250.bmp,train
3251,30.5121527778,Male,1,img_3251.bmp,train
3252,45.6098615917,Male,1,img_3252.bmp,train
3253,30.4065743945,Male,1,img_3253.bmp,val
3254,35.2584876543,Male,1,img_3254.bmp,train
3255,30.5121527778,Male,1,img_3255.bmp,train
3256,46.6407254362,Male,1,img_3256.bmp,test
3257,24.3693755739,Male,1,img_3257.bmp,train
3258,49.9171597633,Female,1,img_3258.bmp,test
3259,39.1017751479,Female,1,img_3259.bmp,train
3260,31.8682484568,Male,1,img_3260.bmp,train
3261,26.4438657407,Male,1,img_3261.bmp,train
3262,58.5717119619,Male,1,img_3262.bmp,train
3263,36.2586788336,Male,1,img_3263.bmp,train
3264,24.3918918919,Female,1,img_3264.bmp,train
3265,21.8243243243,Female,1,img_3265.bmp,train
3266,24.6891259105,Female,1,img_3266.bmp,test
3267,21.9458896982,Female,1,img_3267.bmp,train
3270,57.9438627757,Female,1,img_3270.bmp,test
3271,46.8249053241,Female,1,img_3271.bmp,train
3272,27.4058810425,Female,1,img_3272.bmp,train
3273,19.5756293161,Female,1,img_3273.bmp,train
3274,39.7450902599,Male,1,img_3274.bmp,train
3275,29.9831382662,Male,1,img_3275.bmp,test
3276,25.9679591837,Male,1,img_3276.bmp,train
3277,21.3769387755,Male,1,img_3277.bmp,train
3278,30.6804205515,Male,1,img_3278.bmp,val
3279,23.2892283277,Male,1,img_3279.bmp,train
3280,51.3664513255,Male,1,img_3280.bmp,val
3281,43.536199599,Male,1,img_3281.bmp,test
3282,46.8249053241,Female,1,img_3282.bmp,train
3283,32.7304522165,Female,1,img_3283.bmp,train
3286,40.6059651334,Male,1,img_3286.bmp,train
3287,25.1018693552,Male,1,img_3287.bmp,test
3288,44.2199265381,Female,1,img_3288.bmp,train
3289,37.1189164371,Female,1,img_3289.bmp,test
3290,43.9375,Female,1,img_3290.bmp,test
3291,31.3187716263,Female,1,img_3291.bmp,train
3292,31.7931588613,Male,1,img_3292.bmp,train
3293,23.4010560147,Male,1,img_3293.bmp,train
3294,48.7837837838,Male,1,img_3294.bmp,test
3295,37.2297297297,Male,1,img_3295.bmp,train
3296,29.0495867769,Male,1,img_3296.bmp,test
3297,23.2396694215,Male,1,img_3297.bmp,train
3300,49.9911111111,Male,1,img_3300.bmp,test
3301,28.4949333333,Male,1,img_3301.bmp,train
3302,37.1189164371,Female,1,img_3302.bmp,train
3303,28.2426538108,Female,1,img_3303.bmp,train
3304,29.2851414569,Female,1,img_3304.bmp,train
3305,21.924704834,Female,1,img_3305.bmp,val
3306,39.4540816327,Female,1,img_3306.bmp,train
3307,33.7153061224,Female,1,img_3307.bmp,train
3308,27.9853867473,Female,1,img_3308.bmp,train
3309,21.0776014109,Female,1,img_3309.bmp,test
3310,34.698117539,Female,1,img_3310.bmp,train
3311,25.0149219467,Female,1,img_3311.bmp,test
3312,33.2243441358,Male,1,img_3312.bmp,test
3313,25.4945987654,Male,1,img_3313.bmp,train
3314,35.6620707596,Female,1,img_3314.bmp,train
3315,21.0314776275,Female,1,img_3315.bmp,train
3316,29.425312438,Male,1,img_3316.bmp,test
3317,26.3572703829,Male,1,img_3317.bmp,val
3318,38.7702702703,Male,1,img_3318.bmp,train
3319,32.7364864865,Male,1,img_3319.bmp,train
3322,42.0825456837,Male,1,img_3322.bmp,train
3323,32.7800882168,Male,1,img_3323.bmp,train
3324,42.6100581723,Male,1,img_3324.bmp,train
3325,27.7031337962,Male,1,img_3325.bmp,train
3326,38.3505256893,Male,1,img_3326.bmp,train
3327,27.1940091252,Male,1,img_3327.bmp,val
3328,34.3848427842,Female,1,img_3328.bmp,test
3329,28.717011556,Female,1,img_3329.bmp,train
3330,32.3537146614,Male,1,img_3330.bmp,train
3331,28.3095003287,Male,1,img_3331.bmp,train
3332,29.5316110061,Female,1,img_3332.bmp,train
3333,23.1823146398,Female,1,img_3333.bmp,test
3334,31.8502040816,Male,1,img_3334.bmp,test
3335,26.5418367347,Male,1,img_3335.bmp,test
3338,29.2252456538,Female,1,img_3338.bmp,test
3339,24.7971781305,Female,1,img_3339.bmp,train
3342,39.4540816327,Male,1,img_3342.bmp,test
3343,32.9979591837,Male,1,img_3343.bmp,train
3344,36.0424804688,Female,1,img_3344.bmp,train
3345,24.0283203125,Female,1,img_3345.bmp,train
3346,33.4472318339,Female,1,img_3346.bmp,val
3347,22.6528979239,Female,1,img_3347.bmp,test
3348,30.5121527778,Male,1,img_3348.bmp,train
3349,26.4438657407,Male,1,img_3349.bmp,train
3350,41.186240258,Female,1,img_3350.bmp,train
3351,31.7398548777,Female,1,img_3351.bmp,test
3352,33.610887574,Female,1,img_3352.bmp,train
3353,23.9602366864,Female,1,img_3353.bmp,train
3354,30.5502929688,Male,1,img_3354.bmp,train
3355,25.7446289062,Male,1,img_3355.bmp,train
3356,31.0081915564,Male,1,img_3356.bmp,train
3357,27.1690821256,Male,1,img_3357.bmp,val
3358,28.3455112497,Female,1,img_3358.bmp,val
3359,21.7680997995,Female,1,img_3359.bmp,train
3360,37.9706790123,Male,1,img_3360.bmp,train
3361,27.7999614198,Male,1,img_3361.bmp,train
3362,29.4440686785,Female,1,img_3362.bmp,train
3363,22.1287721124,Female,1,img_3363.bmp,val
3364,38.7702702703,Male,1,img_3364.bmp,train
3365,31.5810810811,Male,1,img_3365.bmp,test
3369,29.6984953704,Male,0,img_3369.bmp,train
3370,30.8459183673,Female,0,img_3370.bmp,train
3371,24.3897959184,Female,0,img_3371.bmp,train
3372,36.2586788336,Male,0,img_3372.bmp,train
3373,27.8912914104,Male,0,img_3373.bmp,train
3374,36.7434666667,Male,0,img_3374.bmp,train
3375,23.3708444444,Male,0,img_3375.bmp,test
3378,60.0968283974,Male,0,img_3378.bmp,test
3379,34.2566687671,Male,0,img_3379.bmp,train
3380,28.884837963,Male,0,img_3380.bmp,train
3381,23.4604552469,Male,0,img_3381.bmp,test
3382,31.6317722681,Male,0,img_3382.bmp,test
3383,26.1446280992,Male,0,img_3383.bmp,train
3384,29.7984429066,Male,0,img_3384.bmp,train
3385,24.0211937716,Male,0,img_3385.bmp,train
3386,41.19140625,Female,0,img_3386.bmp,train
3388,38.3388157895,Male,0,img_3388.bmp,train
3389,33.4703947368,Male,0,img_3389.bmp,train
3390,41.19140625,Female,0,img_3390.bmp,train
3391,29.1772460938,Female,0,img_3391.bmp,val
3392,40.1644736842,Male,0,img_3392.bmp,train
3393,30.4276315789,Male,0,img_3393.bmp,val
3395,33.4695496925,Male,0,img_3395.bmp,test
3396,35.2584876543,Male,0,img_3396.bmp,train
3397,29.1560570988,Male,0,img_3397.bmp,val
3398,30.4065743945,Female,0,img_3398.bmp,train
3399,26.3016868512,Female,0,img_3399.bmp,train
3400,30.0681666295,Female,0,img_3400.bmp,train
3401,25.8398306973,Female,0,img_3401.bmp,train
3402,44.7511574074,Male,0,img_3402.bmp,train
3403,26.4438657407,Male,0,img_3403.bmp,test
3406,45.4578287197,Male,0,img_3406.bmp,train
3407,27.669982699,Male,0,img_3407.bmp,train
3410,28.8373469388,Male,0,img_3410.bmp,train
3411,25.6810204082,Male,0,img_3411.bmp,test
3412,33.2243441358,Male,0,img_3412.bmp,train
3413,25.0877700617,Male,0,img_3413.bmp,test
3414,59.1824324324,Male,0,img_3414.bmp,test
3415,30.9391891892,Male,0,img_3415.bmp,train
3416,27.4540186445,Female,0,img_3416.bmp,test
3417,22.4945830184,Female,0,img_3417.bmp,train
3418,48.5475607039,Male,0,img_3418.bmp,val
3419,27.8756961461,Male,0,img_3419.bmp,val
3420,41.0083333333,Male,0,img_3420.bmp,train
3421,27.7294444444,Male,0,img_3421.bmp,train
3422,33.6700824237,Male,0,img_3422.bmp,train
3423,25.8398306973,Male,0,img_3423.bmp,train
3426,30.4651045603,Female,0,img_3426.bmp,train
3427,25.3285462333,Female,0,img_3427.bmp,train
3428,45.3669333333,Male,0,img_3428.bmp,val
3429,29.8696888889,Male,0,img_3429.bmp,test
3432,34.9420118343,Female,0,img_3432.bmp,train
3433,19.9668639053,Female,0,img_3433.bmp,test
3434,31.2368164062,Female,0,img_3434.bmp,test
3435,22.6552734375,Female,0,img_3435.bmp,train
3436,39.9928888889,Male,0,img_3436.bmp,train
3437,31.2444444444,Male,0,img_3437.bmp,test
3438,29.6819290674,Male,0,img_3438.bmp,test
3439,24.4051416776,Male,0,img_3439.bmp,test
3440,41.9605142332,Female,0,img_3440.bmp,train
3441,29.8565197429,Female,0,img_3441.bmp,train
3442,41.606122449,Male,0,img_3442.bmp,train
3443,27.2591836735,Male,0,img_3443.bmp,train
3444,28.693877551,Female,0,img_3444.bmp,train
3445,22.9551020408,Female,0,img_3445.bmp,train
3446,26.3096458008,Female,0,img_3446.bmp,train
3447,20.6718645578,Female,0,img_3447.bmp,train
3448,45.6098615917,Female,0,img_3448.bmp,train
3449,25.0854238754,Female,0,img_3449.bmp,train
3450,32.2750771605,Male,0,img_3450.bmp,train
3451,28.4780092593,Male,0,img_3451.bmp,train
3452,28.1010288413,Male,0,img_3452.bmp,test
3453,23.1210996795,Male,0,img_3453.bmp,test
3454,25.5924188403,Male,0,img_3454.bmp,train
3455,24.2732219929,Male,0,img_3455.bmp,test
3456,44.1930943892,Male,0,img_3456.bmp,train
3457,35.6183148808,Male,0,img_3457.bmp,test
3458,28.693877551,Female,0,img_3458.bmp,train
3459,22.9551020408,Female,0,img_3459.bmp,train
3460,30.0354003906,Female,0,img_3460.bmp,train
3461,20.595703125,Female,0,img_3461.bmp,train
3462,32.4847721067,Male,0,img_3462.bmp,train
3463,23.6252888049,Male,0,img_3463.bmp,train
3464,42.6100581723,Male,0,img_3464.bmp,train
3465,29.4180896979,Male,0,img_3465.bmp,train
3466,25.8218549128,Female,0,img_3466.bmp,test
3467,22.5941230487,Female,0,img_3467.bmp,train
3468,28.3396321492,Female,0,img_3468.bmp,train
3469,20.3691106072,Female,0,img_3469.bmp,train
3470,36.3119834711,Female,0,img_3470.bmp,test
3471,24.6921487603,Female,0,img_3471.bmp,test
3472,43.9304598622,Male,0,img_3472.bmp,train
3473,24.2180740266,Male,0,img_3473.bmp,train
3474,42.9923555556,Male,0,img_3474.bmp,train
3475,36.4935111111,Male,0,img_3475.bmp,train
3476,64.8923076923,Female,0,img_3476.bmp,test
3477,44.0934911243,Female,0,img_3477.bmp,train
3478,38.9669942051,Female,0,img_3478.bmp,train
3479,29.9337364575,Female,0,img_3479.bmp,train
3480,27.3848684211,Male,0,img_3480.bmp,train
3481,22.2730263158,Male,0,img_3481.bmp,train
3482,41.2426666667,Male,0,img_3482.bmp,train
3483,28.7448888889,Male,0,img_3483.bmp,test
3484,48.7795918367,Male,0,img_3484.bmp,train
3485,41.606122449,Male,0,img_3485.bmp,train
3486,41.3149678604,Female,0,img_3486.bmp,train
3487,35.5050505051,Female,0,img_3487.bmp,train
3488,37.4908949011,Female,0,img_3488.bmp,train
3489,33.4674817898,Female,0,img_3489.bmp,val
3490,50.5012244898,Male,0,img_3490.bmp,train
3491,38.7367346939,Male,0,img_3491.bmp,train
3492,53.0339355469,Female,0,img_3492.bmp,train
3493,35.8708496094,Female,0,img_3493.bmp,train
3494,38.686410418,Female,0,img_3494.bmp,train
3495,23.0346565848,Female,0,img_3495.bmp,train
3496,37.1189164371,Female,0,img_3496.bmp,train
3497,29.0495867769,Female,0,img_3497.bmp,test
3500,54.2438271605,Male,0,img_3500.bmp,train
3501,40.6828703704,Male,0,img_3501.bmp,test
3502,41.3149678604,Female,0,img_3502.bmp,train
3506,44.6260662567,Male,0,img_3506.bmp,train
3507,32.074985122,Male,0,img_3507.bmp,train
3508,32.1177102929,Female,0,img_3508.bmp,train
3509,20.593120129,Female,0,img_3509.bmp,train
3510,38.0872359963,Female,0,img_3510.bmp,train
3511,32.277318641,Female,0,img_3511.bmp,train
3512,29.2851414569,Female,0,img_3512.bmp,val
3513,21.924704834,Female,0,img_3513.bmp,test
3514,43.6486486486,Male,0,img_3514.bmp,train
3515,25.6756756757,Male,0,img_3515.bmp,test
3516,38.3682334596,Female,0,img_3516.bmp,val
3517,26.6228558699,Female,0,img_3517.bmp,train
3518,27.9765306122,Male,0,img_3518.bmp,val
3519,24.3897959184,Male,0,img_3519.bmp,train
3520,27.4609375,Female,0,img_3520.bmp,train
3521,20.9389648438,Female,0,img_3521.bmp,train
3522,36.9587881488,Female,0,img_3522.bmp,test
3523,26.1530407663,Female,0,img_3523.bmp,train
3524,37.4933333333,Male,0,img_3524.bmp,train
3525,29.9946666667,Male,0,img_3525.bmp,test
3526,38.7327823691,Female,0,img_3526.bmp,train
3527,30.6634527089,Female,0,img_3527.bmp,train
3528,53.2055664062,Female,0,img_3528.bmp,train
3529,29.1772460938,Female,0,img_3529.bmp,train
3532,25.5052405267,Female,0,img_3532.bmp,test
3533,21.1599032518,Female,0,img_3533.bmp,train
3534,33.8304358781,Female,0,img_3534.bmp,train
3535,26.7455278408,Female,0,img_3535.bmp,train
3536,34.9420118343,Female,0,img_3536.bmp,test
3537,29.7839053254,Female,0,img_3537.bmp,train
3538,40.6059651334,Male,0,img_3538.bmp,train
3539,25.8401596303,Male,0,img_3539.bmp,train
3540,29.4440686785,Female,0,img_3540.bmp,test
3541,21.7630072841,Female,0,img_3541.bmp,train
3542,38.6814435286,Female,0,img_3542.bmp,val
3543,29.4417464914,Female,0,img_3543.bmp,train
3544,45.4292052469,Male,0,img_3544.bmp,train
3545,32.8175154321,Male,0,img_3545.bmp,train
3546,49.9911111111,Male,0,img_3546.bmp,test
3547,26.8702222222,Male,0,img_3547.bmp,train
3548,36.045505528,Male,0,img_3548.bmp,train
3549,29.8501842653,Male,0,img_3549.bmp,train
3550,57.4897777778,Male,0,img_3550.bmp,train
3551,51.8657777778,Male,0,img_3551.bmp,train
3552,30.4651045603,Female,0,img_3552.bmp,val
3553,24.7971781305,Female,0,img_3553.bmp,test
3554,39.7450902599,Male,0,img_3554.bmp,train
3555,33.3300932355,Male,0,img_3555.bmp,train
3556,33.084251607,Female,0,img_3556.bmp,train
3557,27.1129476584,Female,0,img_3557.bmp,train
3558,45.4154600134,Male,0,img_3558.bmp,train
3559,38.3682334596,Male,0,img_3559.bmp,train
3560,34.6996429322,Male,0,img_3560.bmp,train
3561,32.4847721067,Male,0,img_3561.bmp,train
3562,34.0202702703,Male,0,img_3562.bmp,train
3563,24.3918918919,Male,0,img_3563.bmp,train
3564,29.2611862643,Female,0,img_3564.bmp,test
3565,23.7747138398,Female,0,img_3565.bmp,train
3566,40.3466483012,Male,0,img_3566.bmp,train
3567,30.6634527089,Male,0,img_3567.bmp,train
3568,38.3910943079,Male,0,img_3568.bmp,test
3569,28.0550304558,Male,0,img_3569.bmp,train
3572,33.5075999249,Male,0,img_3572.bmp,train
3573,28.0988928504,Male,0,img_3573.bmp,train
3574,31.6607243385,Male,0,img_3574.bmp,test
3575,25.0647401013,Male,0,img_3575.bmp,train
3576,32.2208333333,Female,0,img_3576.bmp,train
3577,24.9955555556,Female,0,img_3577.bmp,test
3578,37.9258494031,Male,0,img_3578.bmp,test
3579,33.084251607,Male,0,img_3579.bmp,train
3580,45.4797959184,Female,0,img_3580.bmp,val
3581,28.5504081633,Female,0,img_3581.bmp,val
3582,27.1157142857,Male,0,img_3582.bmp,test
3583,24.2463265306,Male,0,img_3583.bmp,val
3584,29.8138487521,Male,0,img_3584.bmp,train
3585,25.0647401013,Male,0,img_3585.bmp,train
3586,38.7431111111,Male,0,img_3586.bmp,val
3587,27.4951111111,Male,0,img_3587.bmp,train
3588,48.005787037,Male,0,img_3588.bmp,train
3589,43.9375,Male,0,img_3589.bmp,test
3592,37.9258494031,Female,0,img_3592.bmp,train
3593,27.4357208448,Female,0,img_3593.bmp,train
3594,32.4847721067,Female,0,img_3594.bmp,train
3595,23.6252888049,Female,0,img_3595.bmp,val
3596,31.0361842105,Male,0,img_3596.bmp,test
3597,22.5164473684,Male,0,img_3597.bmp,train
3598,44.0060147026,Female,0,img_3598.bmp,val
3599,30.5379817331,Female,0,img_3599.bmp,train
3600,45.2588549788,Male,0,img_3600.bmp,train
3601,38.211628425,Male,0,img_3601.bmp,test
3602,43.0663844954,Female,0,img_3602.bmp,train
3603,38.3682334596,Female,0,img_3603.bmp,train
3604,37.7587890625,Female,0,img_3604.bmp,train
3605,27.4609375,Female,0,img_3605.bmp,train
3606,40.2341311134,Female,0,img_3606.bmp,val
3607,27.4323621228,Female,0,img_3607.bmp,train
3608,32.074985122,Male,0,img_3608.bmp,train
3609,19.5239039873,Male,0,img_3609.bmp,train
3610,37.4378698225,Female,0,img_3610.bmp,train
3611,28.2863905325,Female,0,img_3611.bmp,train
3612,43.2315016862,Male,0,img_3612.bmp,train
3613,34.1668319778,Male,0,img_3613.bmp,train
3614,37.0621718126,Female,0,img_3614.bmp,val
3615,33.961352657,Female,0,img_3615.bmp,train
3616,40.4391891892,Male,0,img_3616.bmp,train
3617,30.8108108108,Male,0,img_3617.bmp,train
3618,31.5632653061,Male,0,img_3618.bmp,train
3619,27.9765306122,Male,0,img_3619.bmp,train
3620,34.9379488653,Female,0,img_3620.bmp,test
3621,29.0812984774,Female,0,img_3621.bmp,val
3622,63.0936418685,Female,0,img_3622.bmp,test
3623,34.9675605536,Female,0,img_3623.bmp,test
3624,46.2162162162,Male,0,img_3624.bmp,train
3625,33.3783783784,Male,0,img_3625.bmp,test
3626,27.7872189349,Female,0,img_3626.bmp,train
3627,23.6274556213,Female,0,img_3627.bmp,train
3628,46.1718896603,Male,0,img_3628.bmp,train
3629,31.1330455995,Male,0,img_3629.bmp,test
3632,36.9375117283,Male,0,img_3632.bmp,val
3633,25.0647401013,Male,0,img_3633.bmp,train
3634,38.3505256893,Male,0,img_3634.bmp,train
3635,30.2620511803,Male,0,img_3635.bmp,train
3636,26.4438657407,Male,0,img_3636.bmp,train
3637,23.7316743827,Male,0,img_3637.bmp,train
3638,56.6305555556,Male,0,img_3638.bmp,train
3639,43.9375,Male,0,img_3639.bmp,train
3640,46.0659602076,Female,0,img_3640.bmp,train
3641,30.7106401384,Female,0,img_3641.bmp,train
3642,25.8398306973,Female,0,img_3642.bmp,test
3643,21.924704834,Female,0,img_3643.bmp,train
3644,42.9525887721,Male,0,img_3644.bmp,train
3645,23.4286847848,Male,0,img_3645.bmp,train
3646,36.0191579416,Male,0,img_3646.bmp,val
3647,26.1530407663,Male,0,img_3647.bmp,test
3648,68.618441358,Male,0,img_3648.bmp,train
3649,29.2916666667,Male,0,img_3649.bmp,train
3650,35.3544755114,Male,0,img_3650.bmp,train
3651,27.1754550572,Male,0,img_3651.bmp,train
3652,36.1757629762,Female,0,img_3652.bmp,train
3653,28.9719313878,Female,0,img_3653.bmp,test
3654,29.0223306436,Male,0,img_3654.bmp,train
3655,23.7455432539,Male,0,img_3655.bmp,train
3658,46.6407254362,Male,0,img_3658.bmp,test
3659,25.8218549128,Male,0,img_3659.bmp,train
3661,29.9831382662,Male,0,img_3661.bmp,train
3662,33.1219450743,Female,0,img_3662.bmp,test
3663,23.3801965231,Female,0,img_3663.bmp,train
3664,45.7286700824,Male,0,img_3664.bmp,test
3665,31.1644018712,Male,0,img_3665.bmp,train
3666,49.7729492188,Female,0,img_3666.bmp,train
3667,40.6765136719,Female,0,img_3667.bmp,train
3668,41.9605142332,Female,0,img_3668.bmp,test
3669,37.1189164371,Female,0,img_3669.bmp,train
3670,37.1027777778,Female,0,img_3670.bmp,train
3671,26.3625,Female,0,img_3671.bmp,test
3672,41.3149678604,Male,0,img_3672.bmp,val
3673,24.2079889807,Male,0,img_3673.bmp,train
3674,34.4326530612,Male,0,img_3674.bmp,train
3675,28.693877551,Male,0,img_3675.bmp,test
3676,31.0011259148,Male,0,img_3676.bmp,train
3677,26.3839369488,Male,0,img_3677.bmp,train
3678,52.7678738975,Male,0,img_3678.bmp,train
3679,44.7207731282,Male,0,img_3679.bmp,train
3682,37.6532434041,Male,0,img_3682.bmp,val
3683,28.8674866098,Male,0,img_3683.bmp,train
3684,27.365916955,Male,0,img_3684.bmp,train
3685,23.5650951557,Male,0,img_3685.bmp,train
3686,50.853587963,Male,0,img_3686.bmp,train
3687,38.6487268519,Male,0,img_3687.bmp,train
3688,27.4540186445,Female,0,img_3688.bmp,train
3689,23.9115646259,Female,0,img_3689.bmp,test
3690,36.1459936198,Male,0,img_3690.bmp,train
3691,19.7879527116,Male,0,img_3691.bmp,test
3692,45.4578287197,Male,0,img_3692.bmp,train
3693,25.9976211073,Male,0,img_3693.bmp,test
3696,46.5119628906,Female,0,img_3696.bmp,train
3697,27.2893066406,Female,0,img_3697.bmp,train
3698,39.9928888889,Male,0,img_3698.bmp,train
3699,31.2444444444,Male,0,img_3699.bmp,train
3700,48.2770061728,Male,0,img_3700.bmp,train
3701,29.8341049383,Male,0,img_3701.bmp,val
3702,36.0191579416,Female,0,img_3702.bmp,test
3703,28.0323011807,Female,0,img_3703.bmp,test
3704,48.7795918367,Male,0,img_3704.bmp,train
3705,32.9979591837,Male,0,img_3705.bmp,test
3706,37.7302631579,Male,0,img_3706.bmp,val
3707,23.7335526316,Male,0,img_3707.bmp,train
3708,34.7663176654,Female,0,img_3708.bmp,train
3709,23.4907551793,Female,0,img_3709.bmp,train
3710,41.5547006943,Male,0,img_3710.bmp,train
3711,36.9375117283,Male,0,img_3711.bmp,test
3712,40.4328994083,Female,0,img_3712.bmp,train
3713,35.441183432,Female,0,img_3713.bmp,val
3714,28.4069387755,Male,0,img_3714.bmp,train
3715,23.5289795918,Male,0,img_3715.bmp,train
3716,31.3210069058,Male,0,img_3716.bmp,test
3717,21.2982846959,Male,0,img_3717.bmp,train
3718,43.9287839714,Male,0,img_3718.bmp,train
3719,25.1021622694,Male,0,img_3719.bmp,test
3720,31.8682484568,Male,0,img_3720.bmp,train
3721,23.8672839506,Male,0,img_3721.bmp,val
3722,39.4540816327,Male,0,img_3722.bmp,train
3723,35.0065306122,Male,0,img_3723.bmp,train
3724,40.3466483012,Male,0,img_3724.bmp,train
3725,28.7268135904,Male,0,img_3725.bmp,val
3728,31.3187716263,Female,0,img_3728.bmp,test
3729,23.7171280277,Female,0,img_3729.bmp,train
3730,34.5389266818,Female,0,img_3730.bmp,train
3732,35.4379332073,Male,0,img_3732.bmp,val
3733,23.6252888049,Male,0,img_3733.bmp,train
3734,45.9970703125,Male,0,img_3734.bmp,val
3735,44.2807617188,Male,0,img_3735.bmp,test
3736,43.0408163265,Male,0,img_3736.bmp,test
3737,30.1285714286,Male,0,img_3737.bmp,train
3738,44.7655227137,Male,0,img_3738.bmp,train
3739,33.6090061496,Male,0,img_3739.bmp,test
3740,25.7658179012,Male,0,img_3740.bmp,train
3741,21.5619212963,Male,0,img_3741.bmp,val
3742,28.4780092593,Male,0,img_3742.bmp,train
3743,26.5794753086,Male,0,img_3743.bmp,test
3744,50.9743652344,Female,0,img_3744.bmp,train
3745,28.1474609375,Female,0,img_3745.bmp,val
3746,36.1542857143,Male,0,img_3746.bmp,train
3747,31.4197959184,Male,0,img_3747.bmp,train
3748,32.2806122449,Male,0,img_3748.bmp,train
3749,27.2591836735,Male,0,img_3749.bmp,train
3750,35.1822773186,Female,0,img_3750.bmp,train
3751,29.8565197429,Female,0,img_3751.bmp,test
3752,32.2806122449,Male,0,img_3752.bmp,train
3753,26.3983673469,Male,0,img_3753.bmp,train
3754,33.6351351351,Male,0,img_3754.bmp,train
3755,22.2094594595,Male,0,img_3755.bmp,train
3756,29.7042253521,Male,0,img_3756.bmp,train
3757,26.9150962111,Male,0,img_3757.bmp,val
3758,35.5890861275,Male,0,img_3758.bmp,test
3759,30.0427350427,Male,0,img_3759.bmp,train
3760,46.5122873346,Female,0,img_3760.bmp,train
3761,40.6059651334,Female,0,img_3761.bmp,train
3762,34.006987369,Female,0,img_3762.bmp,val
3763,28.1502284332,Female,0,img_3763.bmp,train
3766,53.0836734694,Male,0,img_3766.bmp,train
3767,38.7367346939,Male,0,img_3767.bmp,train
3768,53.0836734694,Male,0,img_3768.bmp,train
3769,43.0408163265,Male,0,img_3769.bmp,train
3770,38.7689940828,Female,0,img_3770.bmp,val
3771,28.7855621302,Female,0,img_3771.bmp,test
3772,34.4531075963,Male,0,img_3772.bmp,test
3773,26.6228558699,Male,0,img_3773.bmp,train
3774,35.5613965483,Male,0,img_3774.bmp,train
3775,32.074985122,Male,0,img_3775.bmp,train
3776,28.2426538108,Female,0,img_3776.bmp,train
3777,21.7871900826,Female,0,img_3777.bmp,test
3778,37.021412037,Male,0,img_3778.bmp,train
3779,23.0536265432,Male,0,img_3779.bmp,train
3780,31.1902006173,Male,0,img_3780.bmp,train
3781,28.4780092593,Male,0,img_3781.bmp,val
3782,45.6098615917,Male,0,img_3782.bmp,train
3783,39.5285467128,Male,0,img_3783.bmp,train
3784,34.951625907,Female,0,img_3784.bmp,train
3785,31.7398548777,Female,0,img_3785.bmp,val
3786,35.5613965483,Male,0,img_3786.bmp,test
3787,25.7994445547,Male,0,img_3787.bmp,train
3788,33.891184573,Male,0,img_3788.bmp,train
3789,29.0495867769,Male,0,img_3789.bmp,train
3791,20.9709755442,Female,0,img_3791.bmp,test
3796,30.6634527089,Female,0,img_3796.bmp,test
3797,23.4010560147,Female,0,img_3797.bmp,test
3798,39.4540816327,Female,0,img_3798.bmp,train
3799,24.6767346939,Female,0,img_3799.bmp,train
3800,42.8783783784,Male,0,img_3800.bmp,test
3801,36.972972973,Male,0,img_3801.bmp,test
3804,42.8208359588,Female,0,img_3804.bmp,test
3805,25.9878176854,Female,0,img_3805.bmp,test
3806,40.3466483012,Male,0,img_3806.bmp,train
3807,27.7584940312,Male,0,img_3807.bmp,train
3808,30.3415274911,Male,0,img_3808.bmp,train
3809,22.5582660912,Male,0,img_3809.bmp,test
3810,41.1535812672,Female,0,img_3810.bmp,test
3811,23.0782828283,Female,0,img_3811.bmp,train
3814,40.8308080808,Female,0,img_3814.bmp,train
3815,26.6287878788,Female,0,img_3815.bmp,train
3817,23.7075976989,Male,0,img_3817.bmp,train
3818,45.4578287197,Female,0,img_3818.bmp,train
3819,37.7041522491,Female,0,img_3819.bmp,val
3820,35.8673469388,Male,0,img_3820.bmp,train
3821,21.5204081633,Male,0,img_3821.bmp,test
3822,40.4423725451,Male,0,img_3822.bmp,train
3823,29.9831382662,Male,0,img_3823.bmp,train
3824,52.3663265306,Male,0,img_3824.bmp,train
3825,35.5804081633,Male,0,img_3825.bmp,test
3827,32.4134542706,Female,0,img_3827.bmp,train
3828,28.5021162843,Female,0,img_3828.bmp,test
3829,26.3096458008,Female,0,img_3829.bmp,test
3830,27.7294444444,Female,0,img_3830.bmp,train
3831,21.6758333333,Female,0,img_3831.bmp,train
3832,28.4069387755,Female,0,img_3832.bmp,test
3833,21.5204081633,Female,0,img_3833.bmp,train
3834,32.1394675926,Female,0,img_3834.bmp,test
3835,27.1219135802,Female,0,img_3835.bmp,train
3836,50.2142857143,Male,0,img_3836.bmp,train
3837,25.8244897959,Male,0,img_3837.bmp,train
3838,34.9675605536,Female,0,img_3838.bmp,train
3839,23.5650951557,Female,0,img_3839.bmp,val
3842,46.0693131695,Male,0,img_3842.bmp,train
3843,26.5784499055,Male,0,img_3843.bmp,train
3844,51.6796613945,Female,0,img_3844.bmp,train
3845,31.3210069058,Female,0,img_3845.bmp,train
3846,38.0082179931,Male,0,img_3846.bmp,train
3847,31.0147058824,Male,0,img_3847.bmp,train
3848,37.7432888889,Male,0,img_3848.bmp,train
3849,27.4951111111,Male,0,img_3849.bmp,val
3850,34.864114263,Male,0,img_3850.bmp,val
3852,39.1512586322,Female,0,img_3852.bmp,train
3853,33.6700824237,Female,0,img_3853.bmp,test
3856,36.5764828304,Female,0,img_3856.bmp,train
3857,21.9458896982,Female,0,img_3857.bmp,train
3858,72.6043184183,Female,0,img_3858.bmp,train
3859,47.000780437,Female,0,img_3859.bmp,train
3860,49.3379620942,Male,0,img_3860.bmp,train
3861,32.452242447,Male,0,img_3861.bmp,train
3862,42.7623668639,Female,0,img_3862.bmp,train
3863,33.2781065089,Female,0,img_3863.bmp,train
3864,41.6238347191,Female,0,img_3864.bmp,train
3865,29.5794910557,Female,0,img_3865.bmp,test
3866,44.2974165091,Female,0,img_3866.bmp,train
3867,30.1222432262,Female,0,img_3867.bmp,test
3868,40.4328994083,Female,0,img_3868.bmp,train
3869,33.7772781065,Female,0,img_3869.bmp,train
3870,36.7281632653,Male,0,img_3870.bmp,test
3871,29.5546938776,Male,0,img_3871.bmp,train
3872,46.1718896603,Male,0,img_3872.bmp,train
3873,40.2355038469,Male,0,img_3873.bmp,test
3874,31.4776119403,Female,0,img_3874.bmp,test
3875,26.3096458008,Female,0,img_3875.bmp,test
3876,47.4633487654,Male,0,img_3876.bmp,train
3877,29.1560570988,Male,0,img_3877.bmp,train
3882,56.5491898148,Male,0,img_3882.bmp,train
3883,43.1238425926,Male,0,img_3883.bmp,train
3884,45.6098615917,Male,0,img_3884.bmp,train
3885,41.8090397924,Male,0,img_3885.bmp,train
3886,36.6145833333,Male,0,img_3886.bmp,val
3887,31.1902006173,Male,0,img_3887.bmp,train
3888,33.1906367784,Male,0,img_3888.bmp,test
3889,26.2178139258,Male,0,img_3889.bmp,train
3890,37.3574879227,Female,0,img_3890.bmp,train
3891,25.1018693552,Female,0,img_3891.bmp,test
3892,34.1100591716,Female,0,img_3892.bmp,train
3893,30.7822485207,Female,0,img_3893.bmp,train
3894,42.9923555556,Male,0,img_3894.bmp,train
3895,28.7448888889,Male,0,img_3895.bmp,train
3896,45.4786809494,Male,0,img_3896.bmp,train
3897,30.7128754463,Male,0,img_3897.bmp,train
3898,33.2781065089,Female,0,img_3898.bmp,train
3899,24.6257988166,Female,0,img_3899.bmp,test
3901,37.7587890625,Female,0,img_3901.bmp,train
3902,36.6347566575,Female,0,img_3902.bmp,train
3903,26.9515610652,Female,0,img_3903.bmp,train
3904,39.2837837838,Male,0,img_3904.bmp,test
3905,29.7837837838,Male,0,img_3905.bmp,train
3908,34.576122449,Female,0,img_3908.bmp,train
3909,27.2591836735,Female,0,img_3909.bmp,train
3910,38.9669942051,Female,0,img_3910.bmp,train
3911,32.7676996725,Female,0,img_3911.bmp,train
3912,28.1260813149,Female,0,img_3912.bmp,val
3913,21.2846020761,Female,0,img_3913.bmp,test
3914,44.2199265381,Female,0,img_3914.bmp,train
3915,32.9228650138,Female,0,img_3915.bmp,test
3916,36.7162162162,Male,0,img_3916.bmp,train
3917,30.5540540541,Male,0,img_3917.bmp,val
3918,22.6713249127,Female,0,img_3918.bmp,train
3919,20.593120129,Female,0,img_3919.bmp,train
3920,31.8215400624,Female,0,img_3920.bmp,val
3924,35.7059478726,Male,0,img_3924.bmp,train
3925,29.4417464914,Male,0,img_3925.bmp,train
3926,32.4847721067,Male,0,img_3926.bmp,train
3927,25.1018693552,Male,0,img_3927.bmp,train
3928,26.6228558699,Male,0,img_3928.bmp,train
3929,22.0813098686,Male,0,img_3929.bmp,train
3930,29.6464100346,Female,0,img_3930.bmp,train
3932,39.54375,Male,0,img_3932.bmp,train
3933,26.3625,Male,0,img_3933.bmp,val
3934,52.3060815326,Female,0,img_3934.bmp,train
3935,31.9474270439,Female,0,img_3935.bmp,test
3936,32.9979591837,Male,0,img_3936.bmp,train
3937,25.8244897959,Male,0,img_3937.bmp,train
3938,34.5519848771,Male,0,img_3938.bmp,train
3939,24.6588951901,Male,0,img_3939.bmp,test
3940,46.8249053241,Female,0,img_3940.bmp,val
3941,33.6700824237,Female,0,img_3941.bmp,val
3942,27.3167401806,Male,0,img_3942.bmp,train
3943,25.1018693552,Male,0,img_3943.bmp,train
3944,45.6168888889,Male,0,img_3944.bmp,test
3945,35.6186666667,Male,0,img_3945.bmp,train
3946,44.7511574074,Male,0,img_3946.bmp,test
3947,23.7316743827,Male,0,img_3947.bmp,train
3948,39.3267746914,Male,0,img_3948.bmp,train
3949,28.7492283951,Male,0,img_3949.bmp,test
3950,39.7776787703,Female,0,img_3950.bmp,test
3951,34.9229226999,Female,0,img_3951.bmp,train
3952,26.2539500144,Female,0,img_3952.bmp,train
3953,22.2148807814,Female,0,img_3953.bmp,test
3954,30.4175593363,Male,0,img_3954.bmp,train
3955,24.5112371351,Male,0,img_3955.bmp,train
3956,38.834068473,Male,0,img_3956.bmp,train
3957,31.8941398866,Male,0,img_3957.bmp,train
3959,20.9184685578,Male,0,img_3959.bmp,test
3960,39.0478079746,Male,0,img_3960.bmp,train
3961,24.4048799841,Male,0,img_3961.bmp,train
3962,39.3267746914,Male,0,img_3962.bmp,val
3963,29.1560570988,Male,0,img_3963.bmp,train
3964,49.7607645453,Male,0,img_3964.bmp,train
3965,34.5519848771,Male,0,img_3965.bmp,val
3968,24.4772923875,Male,0,img_3968.bmp,train
3969,24.0211937716,Male,0,img_3969.bmp,val
3972,33.5134773892,Female,0,img_3972.bmp,train
3974,35.8708496094,Male,0,img_3974.bmp,test
3975,24.5432128906,Male,0,img_3975.bmp,train
3976,37.4455102041,Male,0,img_3976.bmp,train
3977,29.5546938776,Male,0,img_3977.bmp,train
3978,41.3815789474,Male,0,img_3978.bmp,val
3979,30.4276315789,Male,0,img_3979.bmp,train
3980,31.7517089844,Female,0,img_3980.bmp,train
3981,24.3715820312,Female,0,img_3981.bmp,train
3982,26.6027832031,Female,0,img_3982.bmp,train
3983,21.7971191406,Female,0,img_3983.bmp,val
3984,46.1718896603,Male,0,img_3984.bmp,train
3985,29.4180896979,Male,0,img_3985.bmp,train
3986,48.5715332031,Female,0,img_3986.bmp,train
3987,29.0056152344,Female,0,img_3987.bmp,train
3988,40.7448096886,Male,0,img_3988.bmp,train
3989,35.4236591696,Male,0,img_3989.bmp,train
3992,40.7656804734,Female,0,img_3992.bmp,train
3993,27.4544378698,Female,0,img_3993.bmp,val
3996,37.3020408163,Male,0,img_3996.bmp,test
3997,25.5375510204,Male,0,img_3997.bmp,train
3998,41.2426666667,Male,0,img_3998.bmp,train
3999,28.7448888889,Male,0,img_3999.bmp,train
4000,43.5743801653,Female,0,img_4000.bmp,train
4001,29.0495867769,Female,0,img_4001.bmp,train
4002,40.0297304107,Female,0,img_4002.bmp,val
4003,33.2990677753,Female,0,img_4003.bmp,train
4004,34.2991180334,Male,0,img_4004.bmp,test
4005,21.107149559,Male,0,img_4005.bmp,train
4006,48.8097599683,Male,0,img_4006.bmp,test
4007,38.3505256893,Male,0,img_4007.bmp,train
4008,84.9848888889,Male,0,img_4008.bmp,train
4009,41.8675555556,Male,0,img_4009.bmp,train
4010,41.3314255983,Female,0,img_4010.bmp,test
4011,36.7593652445,Female,0,img_4011.bmp,train
4012,30.5502929688,Female,0,img_4012.bmp,train
4013,22.4836425781,Female,0,img_4013.bmp,train
4014,22.6713249127,Female,0,img_4014.bmp,val
4015,19.8374092986,Female,0,img_4015.bmp,train
4016,33.2243441358,Male,0,img_4016.bmp,train
4017,27.7999614198,Male,0,img_4017.bmp,train
4020,46.2162162162,Male,0,img_4020.bmp,val
4021,31.7094594595,Male,0,img_4021.bmp,train
4022,26.8702222222,Male,0,img_4022.bmp,train
4023,24.3706666667,Male,0,img_4023.bmp,train
4024,40.6018367347,Male,0,img_4024.bmp,train
4025,33.8587755102,Male,0,img_4025.bmp,train
4026,26.6057525952,Female,0,img_4026.bmp,train
4027,22.044766436,Female,0,img_4027.bmp,test
4028,35.0702947846,Female,0,img_4028.bmp,train
4029,32.5905769715,Female,0,img_4029.bmp,val
4030,43.0408163265,Female,0,img_4030.bmp,train
4031,34.5389266818,Female,0,img_4031.bmp,test
4032,66.5562130178,Male,0,img_4032.bmp,train
4033,42.4295857988,Male,0,img_4033.bmp,test
4034,33.9033589792,Male,0,img_4034.bmp,train
4035,29.2861700131,Male,0,img_4035.bmp,test
4036,35.6894923259,Male,0,img_4036.bmp,test
4037,29.7610052285,Male,0,img_4037.bmp,train
4038,40.4225,Female,0,img_4038.bmp,train
4039,29.6822222222,Female,0,img_4039.bmp,train
4040,61.6496786042,Female,0,img_4040.bmp,train
4041,53.7417355372,Female,0,img_4041.bmp,test
4042,44.0201558721,Female,0,img_4042.bmp,train
4043,32.6844934157,Female,0,img_4043.bmp,test
4044,43.2615384615,Female,0,img_4044.bmp,train
4045,26.6224852071,Female,0,img_4045.bmp,train
4046,27.3167401806,Male,0,img_4046.bmp,train
4047,24.9542113001,Male,0,img_4047.bmp,test
4048,38.0082179931,Male,0,img_4048.bmp,train
4049,26.6057525952,Male,0,img_4049.bmp,train
4050,48.1765654394,Female,0,img_4050.bmp,train
4051,43.2644450417,Female,0,img_4051.bmp,train
4052,38.665,Male,0,img_4052.bmp,test
4053,35.15,Male,0,img_4053.bmp,train
4054,53.5998739761,Female,0,img_4054.bmp,test
4055,26.8737660155,Female,0,img_4055.bmp,test
4056,41.186240258,Female,0,img_4056.bmp,train
4057,28.3391561408,Female,0,img_4057.bmp,train
4058,46.0693131695,Female,0,img_4058.bmp,train
4059,34.5519848771,Female,0,img_4059.bmp,train
4060,40.4328994083,Female,0,img_4060.bmp,train
4061,32.1133727811,Female,0,img_4061.bmp,train
4062,30.5586072664,Female,0,img_4062.bmp,train
4063,25.0854238754,Female,0,img_4063.bmp,train
4064,60.1057329895,Male,0,img_4064.bmp,train
4065,57.7349732196,Male,0,img_4065.bmp,train
4066,33.9023919753,Male,0,img_4066.bmp,train
4067,26.9863040123,Male,0,img_4067.bmp,train
4068,32.0044224766,Female,0,img_4068.bmp,train
4069,24.6891259105,Female,0,img_4069.bmp,train
4070,44.2199265381,Female,0,img_4070.bmp,train
4071,34.3753443526,Female,0,img_4071.bmp,train
4072,32.8870572511,Female,0,img_4072.bmp,train
4073,21.924704834,Female,0,img_4073.bmp,train
4074,26.5784499055,Male,0,img_4074.bmp,test
4075,22.8869985297,Male,0,img_4075.bmp,train
4076,34.006987369,Female,0,img_4076.bmp,train
4077,28.9059392636,Female,0,img_4077.bmp,train
4078,31.7464818315,Male,0,img_4078.bmp,test
4079,22.7393404747,Male,0,img_4079.bmp,val
4080,32.8734211234,Female,0,img_4080.bmp,val
4081,21.3488309594,Female,0,img_4081.bmp,train
4082,28.3627322199,Male,0,img_4082.bmp,test
4083,25.7243385251,Male,0,img_4083.bmp,train
4084,64.1899414062,Female,0,img_4084.bmp,train
4085,47.7133789062,Female,0,img_4085.bmp,train
4086,31.8820861678,Female,0,img_4086.bmp,train
4087,18.9521289997,Female,0,img_4087.bmp,train
4088,33.9033589792,Male,0,img_4088.bmp,train
4089,28.4946519047,Male,0,img_4089.bmp,test
4090,44.1930943892,Male,0,img_4090.bmp,train
4091,24.4051416776,Male,0,img_4091.bmp,train
4092,36.6145833333,Male,0,img_4092.bmp,train
4093,30.9189814815,Male,0,img_4093.bmp,train
4094,35.5050505051,Female,0,img_4094.bmp,train
4095,25.8218549128,Female,0,img_4095.bmp,train
4096,41.1396548304,Male,0,img_4096.bmp,train
4097,29.285855981,Male,0,img_4097.bmp,train
4098,31.3258101852,Female,0,img_4098.bmp,test
4099,24.4097222222,Female,0,img_4099.bmp,train
4100,32.573847182,Female,0,img_4100.bmp,train
4101,21.4548897305,Female,0,img_4101.bmp,train
4102,24.7813581315,Male,0,img_4102.bmp,val
4103,23.5650951557,Male,0,img_4103.bmp,train
4106,38.6169433594,Female,0,img_4106.bmp,val
4107,28.3190917969,Female,0,img_4107.bmp,train
4108,24.6293252595,Male,0,img_4108.bmp,train
4109,22.8049307958,Male,0,img_4109.bmp,train
4110,46.0693131695,Female,0,img_4110.bmp,train
4111,37.5051459777,Female,0,img_4111.bmp,train
4112,42.8208359588,Male,0,img_4112.bmp,val
4113,35.4379332073,Male,0,img_4113.bmp,train
4114,27.9073724008,Male,0,img_4114.bmp,train
4115,23.6252888049,Male,0,img_4115.bmp,train
4116,28.4069387755,Male,0,img_4116.bmp,train
4117,24.2463265306,Male,0,img_4117.bmp,test
4118,34.7476586889,Female,0,img_4118.bmp,train
4119,25.237773153,Female,0,img_4119.bmp,train
4120,32.2532894737,Male,0,img_4120.bmp,train
4121,24.3421052632,Male,0,img_4121.bmp,train
4122,30.4734471758,Male,0,img_4122.bmp,train
4123,23.4817038844,Male,0,img_4123.bmp,train
4124,57.387755102,Male,0,img_4124.bmp,train
4125,27.2591836735,Male,0,img_4125.bmp,test
4126,26.6228558699,Female,0,img_4126.bmp,train
4127,21.2982846959,Female,0,img_4127.bmp,train
4128,37.5852082869,Male,0,img_4128.bmp,train
4129,30.6945867677,Male,0,img_4129.bmp,val
4130,31.2368164062,Female,0,img_4130.bmp,train
4131,22.6552734375,Female,0,img_4131.bmp,train
4132,33.9436686391,Female,0,img_4132.bmp,train
4133,31.1150295858,Female,0,img_4133.bmp,train
4134,23.7075976989,Male,0,img_4134.bmp,train
4135,22.7314024995,Male,0,img_4135.bmp,train
4136,42.8208359588,Male,0,img_4136.bmp,train
4137,35.4379332073,Male,0,img_4137.bmp,val
4138,37.7926998611,Male,0,img_4138.bmp,train
4139,28.8674866098,Male,0,img_4139.bmp,test
4140,36.5764828304,Female,0,img_4140.bmp,train
4141,26.517950052,Female,0,img_4141.bmp,train
4142,20.0857142857,Female,0,img_4142.bmp,train
4143,18.6510204082,Female,0,img_4143.bmp,train
4144,41.8675555556,Male,0,img_4144.bmp,val
4145,24.9955555556,Male,0,img_4145.bmp,train
4148,40.6194571352,Female,0,img_4148.bmp,train
4149,30.2284332169,Female,0,img_4149.bmp,val
4150,40.9320710059,Female,0,img_4150.bmp,train
4151,37.1050887574,Female,0,img_4151.bmp,test
4152,27.3167401806,Male,0,img_4152.bmp,train
4153,24.36357908,Male,0,img_4153.bmp,train
4154,26.6027832031,Female,0,img_4154.bmp,test
4155,22.3120117188,Female,0,img_4155.bmp,train
4156,46.6350156087,Female,0,img_4156.bmp,train
4157,40.2341311134,Female,0,img_4157.bmp,test
4158,28.3190917969,Female,0,img_4158.bmp,train
4159,25.9162597656,Female,0,img_4159.bmp,test
4160,32.0789359862,Female,0,img_4160.bmp,test
4161,27.0618512111,Female,0,img_4161.bmp,train
4162,48.1413966049,Male,0,img_4162.bmp,val
4163,40.9540895062,Male,0,img_4163.bmp,test
4164,33.7153061224,Male,0,img_4164.bmp,train
4165,25.8244897959,Male,0,img_4165.bmp,train
4166,39.1671428571,Male,0,img_4166.bmp,test
4167,30.1285714286,Male,0,img_4167.bmp,train
4169,31.9474270439,Male,0,img_4169.bmp,train
4170,38.2418981481,Male,0,img_4170.bmp,val
4171,22.2399691358,Male,0,img_4171.bmp,train
4172,40.6828703704,Male,0,img_4172.bmp,test
4173,23.7316743827,Male,0,img_4173.bmp,test
4176,26.4967268399,Male,0,img_4176.bmp,test
4177,22.3130331283,Male,0,img_4177.bmp,train
4178,49.9445800781,Female,0,img_4178.bmp,train
4179,40.8481445312,Female,0,img_4179.bmp,train
4180,85.9870605469,Female,0,img_4180.bmp,val
4181,72.0849609375,Female,0,img_4181.bmp,train
4184,44.3320408163,Male,0,img_4184.bmp,train
4185,28.5504081633,Male,0,img_4185.bmp,val
4186,35.6183148808,Male,0,img_4186.bmp,train
4187,27.7031337962,Male,0,img_4187.bmp,test
4188,35.3040540541,Male,0,img_4188.bmp,train
4189,25.5472972973,Male,0,img_4189.bmp,train
4190,51.6911764706,Female,0,img_4190.bmp,train
4191,42.5692041522,Female,0,img_4191.bmp,test
4192,36.2435555556,Male,0,img_4192.bmp,val
4193,30.9944888889,Male,0,img_4193.bmp,train
4194,31.6142011834,Female,0,img_4194.bmp,train
4195,26.289704142,Female,0,img_4195.bmp,test
4196,36.2435555556,Male,0,img_4196.bmp,train
4197,28.7448888889,Male,0,img_4197.bmp,train
4198,27.1216568047,Female,0,img_4198.bmp,train
4199,24.9585798817,Female,0,img_4199.bmp,test
4200,47.4671052632,Male,0,img_4200.bmp,train
4201,34.0789473684,Male,0,img_4201.bmp,train
4202,34.5647762747,Female,0,img_4202.bmp,train
4203,27.4323621228,Female,0,img_4203.bmp,train
4204,40.4928,Male,0,img_4204.bmp,train
4205,34.6188444444,Male,0,img_4205.bmp,train
